,Timestamp,Category,Activity,Keystrokes,Gaze,Emotion,Eyes
0,153638395,0,Atom,0.2692307692307692,2,6,0
1,153638392,0,Atom,0.019230769230769232,2,6,1
2,153638396,0,Atom,0.15384615384615385,0,6,1
3,153638397,0,Atom,0.5576923076923077,2,6,1
4,153638394,0,Atom,0.11538461538461539,2,3,1
5,153638393,0,Atom,0.0,2,6,1
6,153638802,1,Spotify,0.0,2,6,1
7,153638802,0,Atom,0.0,2,6,1
8,153638803,0,Atom,0.0,2,6,1
9,153638804,0,Atom,0.0,2,6,1
10,153638805,0,Atom,0.0,0,6,1
11,153638806,0,Atom,0.0,2,6,1
12,153638807,0,Atom,0.0,2,6,1
13,153638808,0,Atom,0.0,2,0,1
14,153638809,0,Atom,0.0,0,6,1
15,153638810,0,Atom,0.0,2,6,1
16,153638811,0,Atom,0.0,2,6,1
17,153638812,0,Atom,0.0,2,6,1
18,153638813,1,Spotify,0.0,2,6,1
19,153638813,0,Atom,0.0,1,6,1
20,153638814,0,Atom,0.0,2,0,0
21,153638815,1,Spotify,0.0,2,6,1
22,153638816,0,Atom,0.0,2,6,1
23,153638835,0,Terminal,0.3076923076923077,0,6,1
24,153638398,0,Atom,0.3076923076923077,1,6,1
25,153638800,1,Spotify,0.057692307692307696,2,6,1
26,153638801,1,Spotify,0.0,2,6,1
27,153638836,0,Terminal,0.5,2,6,1
28,153638837,0,Terminal,0.17307692307692307,0,6,1
29,153638838,0,Terminal,0.038461538461538464,2,6,1
30,153638839,0,Terminal,0.19230769230769232,2,6,1
31,153638840,0,Terminal,0.28846153846153844,2,6,0
32,153638852,0,Terminal,0.15384615384615385,2,0,1
33,153638853,0,Terminal,0.21153846153846154,0,6,1
34,153638853,0,Terminal,0.17307692307692307,0,6,1
35,153638854,0,Terminal,0.2692307692307692,2,6,1
36,153638855,0,Terminal,0.4230769230769231,2,6,1
37,153638856,0,Terminal,0.0,2,6,1
38,153638857,0,Terminal,0.0,2,6,1
39,153638859,0,Terminal,0.0,2,6,1
40,153638862,0,Terminal,0.34615384615384615,2,6,1
41,153638863,0,Terminal,0.46153846153846156,2,6,1
42,153638858,0,Terminal,0.0,1,6,1
43,153638864,0,Terminal,0.0,1,6,0
44,153638865,0,Terminal,0.0,2,6,1
45,153638866,0,Terminal,0.0,2,6,1
46,153638861,0,Terminal,0.3269230769230769,2,6,1
47,153638868,0,Terminal,0.0,2,6,1
48,153638869,0,Terminal,0.0,0,6,1
49,153638870,0,Terminal,0.0,2,6,1
50,153638871,0,Terminal,0.0,2,6,1
51,153638872,0,Terminal,0.0,2,0,1
52,153638873,0,Terminal,0.0,2,6,1
53,153638874,0,Terminal,0.0,0,6,1
54,153638874,0,Terminal,0.0,2,6,0
55,153638860,0,Terminal,0.25,2,6,1
56,153638875,0,Terminal,0.0,2,6,1
57,153638876,0,Terminal,0.0,0,6,1
58,153638877,0,Terminal,0.0,2,6,1
59,153638880,0,Terminal,0.11538461538461539,2,6,1
60,153638881,0,Terminal,0.15384615384615385,1,6,1
61,153638881,0,Terminal,0.38461538461538464,0,6,1
62,153638863,0,Terminal,0.7115384615384616,2,6,1
63,153638867,0,Terminal,0.0,0,6,1
64,153638883,0,Terminal,0.38461538461538464,0,6,1
65,153638886,0,Atom,0.0,2,3,0
66,153638887,0,Atom,0.0,2,6,0
67,153638888,0,Terminal,0.0,2,6,1
68,153638889,0,Terminal,0.0,2,6,1
69,153638890,0,Terminal,0.0,2,6,1
70,153638891,0,Terminal,0.0,0,6,1
71,153638891,0,Terminal,0.0,0,6,0
72,153639365,0,Atom,0.019230769230769232,0,6,1
73,153638882,0,Terminal,0.3269230769230769,0,6,1
74,153639367,2,Google Chrome :: chrome://newtab,0.0,2,6,1
75,153639368,2,Google Chrome :: chrome://newtab,0.1346153846153846,2,6,1
76,153639369,2,Google Chrome :: https://www.google.com.sg/search?q=unix+time&rlz=1C5CHFA_enSG730SG730&oq=unix+time&aqs=chrome..69i57j0l5.1803j0j1&sourceid=chrome&ie=UTF-,0.038461538461538464,1,6,1
77,153639370,0,Atom,0.0,2,6,1
78,153639371,0,Atom,0.0,2,6,0
79,153638885,0,Terminal,0.15384615384615385,2,6,0
80,153639373,0,Atom,0.0,2,6,1
81,153639374,0,Atom,0.0,2,6,1
82,153639374,0,Atom,0.0,2,0,1
83,153639375,0,Atom,0.0,2,6,1
84,153639376,0,Atom,0.0,0,2,1
85,153639377,0,Atom,0.0,2,6,1
86,153639378,0,Atom,0.0,2,6,1
87,153639379,0,Atom,0.0,2,6,1
88,153639380,0,Atom,0.0,1,6,1
89,153639381,0,Atom,0.0,2,6,1
90,153638884,0,Terminal,0.75,2,6,0
91,153639382,0,Atom,0.0,2,6,1
92,153639383,0,Atom,0.0,0,6,1
93,153639384,0,Atom,0.0,2,6,1
94,153639384,0,Atom,0.0,2,6,1
95,153639385,0,Atom,0.0,2,3,1
96,153639372,0,Google Chrome :: https://stackoverflow.com/questions/1683531/how-to-import-existing-git-repository-into-anothe,0.0,2,6,1
97,153639366,0,Atom,0.0,2,6,1
98,153639387,0,Atom,0.0,0,6,1
99,153639390,0,Atom,0.0,2,6,1
100,153639391,0,Atom,0.0,2,6,1
101,153639392,0,Atom,0.0,2,6,1
102,153639393,0,Atom,0.0,2,6,1
103,153639386,0,Atom,0.0,2,6,1
104,153639388,0,Atom,0.0,0,6,1
105,153639389,0,Atom,0.0,2,3,1
106,153639394,0,Atom,0.0,1,6,1
107,153639395,0,Atom,0.0,2,6,1
108,153639396,0,Atom,0.0,2,0,0
109,153639399,0,Atom,0.15384615384615385,2,6,1
110,153639395,0,Atom,0.0,2,6,1
111,153639401,0,Atom,0.0,2,6,1
112,153639402,0,Atom,0.15384615384615385,2,6,1
113,153639403,0,Atom,0.17307692307692307,0,0,1
114,153639398,0,Atom,0.0,2,6,1
115,153639405,0,Atom,0.0,2,0,1
116,153639406,0,Atom,0.0,0,6,1
117,153639406,0,Atom,0.0,2,6,1
118,153639407,0,Atom,0.0,2,6,1
119,153639408,0,Atom,0.0,0,6,1
120,153639397,0,Atom,0.0,0,6,1
121,153639410,0,Atom,0.0,2,6,1
122,153639411,0,Atom,0.0,1,6,1
123,153639412,0,Atom,0.0,2,6,1
124,153639413,2,Google Chrome :: chrome://newtab,0.40384615384615385,2,6,1
125,153639400,0,Atom,0.07692307692307693,0,6,1
126,153639404,0,Atom,0.0,2,6,1
127,153639409,0,Atom,0.0,2,6,0
128,153639414,2,Google Chrome :: https://www.google.com.sg/search?rlz=1C5CHFA_enSG730SG730&ei=lYOTW4CUCpqavQSX1aSIBA&q=spotify+detect+song+change&oq=spotify+detect+song+change&gs_l=psy-ab.3..33i22i29i30k1l3.411.3951.0.4094.13.11.2.0.0.0.106.778.9j1.10.0....0...1c.1.64.psy-ab..1.8.598...0i22i30k1j33i160k1.0.w2s_e1skJ4,0.2692307692307692,0,6,1
129,153639415,2,Google Chrome :: https://www.google.com.sg/search?rlz=1C5CHFA_enSG730SG730&ei=lYOTW4CUCpqavQSX1aSIBA&q=spotify+detect+song+change&oq=spotify+detect+song+change&gs_l=psy-ab.3..33i22i29i30k1l3.411.3951.0.4094.13.11.2.0.0.0.106.778.9j1.10.0....0...1c.1.64.psy-ab..1.8.598...0i22i30k1j33i160k1.0.w2s_e1skJ4,0.0,2,6,1
130,153639416,0,Google Chrome :: https://stackoverflow.com/questions/48760545/how-to-know-when-the-user-changes-the-song-with-the-spotify-ap,0.0,2,6,1
131,153639417,0,Google Chrome :: https://stackoverflow.com/questions/48760545/how-to-know-when-the-user-changes-the-song-with-the-spotify-ap,0.0,2,6,1
132,153639417,0,Google Chrome :: https://stackoverflow.com/questions/48760545/how-to-know-when-the-user-changes-the-song-with-the-spotify-ap,0.0,2,6,1
133,153639418,0,Google Chrome :: https://stackoverflow.com/questions/48760545/how-to-know-when-the-user-changes-the-song-with-the-spotify-ap,0.0,1,6,1
134,153639419,0,Google Chrome :: https://stackoverflow.com/questions/48760545/how-to-know-when-the-user-changes-the-song-with-the-spotify-ap,0.0,2,6,1
135,153639420,0,Google Chrome :: https://stackoverflow.com/questions/48760545/how-to-know-when-the-user-changes-the-song-with-the-spotify-ap,0.0,2,6,1
136,153639421,0,Google Chrome :: https://developer.spotify.com/documentation/web-playback-sdk/quick-start,0.0,2,6,1
137,153639423,0,Google Chrome :: https://stackoverflow.com/questions/48760545/how-to-know-when-the-user-changes-the-song-with-the-spotify-ap,0.0,2,6,1
138,153639422,0,Google Chrome :: https://developer.spotify.com/documentation/web-playback-sdk/quick-start,0.0,0,6,1
139,153639425,0,Google Chrome :: https://api.spotify.com,0.038461538461538464,2,6,1
140,153639424,0,Google Chrome :: https://api.spotify.com/v1/me/player/currently-playin,0.0,2,6,1
141,153639426,0,Google Chrome :: https://developer.spotify.com,0.0,0,6,1
142,153639427,0,Google Chrome :: https://developer.spotify.com,0.0,2,6,0
143,153639428,0,Google Chrome :: https://developer.spotify.com,0.0,2,6,0
144,153639428,0,Google Chrome :: https://developer.spotify.com/documentation/web-api,0.0,2,5,1
145,153639429,0,Google Chrome :: https://developer.spotify.com/documentation/web-api,0.0,2,6,1
146,153639430,0,Google Chrome :: https://developer.spotify.com/documentation/web-api,0.0,2,6,1
147,153639431,0,Google Chrome :: https://developer.spotify.com/documentation/web-api,0.0,2,0,1
148,153639432,0,Google Chrome :: https://developer.spotify.com/documentation/web-api,0.0,2,6,0
149,153639433,0,Google Chrome :: https://developer.spotify.com/documentation/web-api,0.0,2,6,0
150,153639436,0,Google Chrome :: https://developer.spotify.com/documentation/web-api,0.0,2,6,0
151,153639434,0,Google Chrome :: https://developer.spotify.com/documentation/web-api,0.0,2,6,1
152,153639435,0,Google Chrome :: https://developer.spotify.com/documentation/web-api,0.0,2,6,1
153,153639437,0,Google Chrome :: https://developer.spotify.com/documentation/web-api,0.0,2,6,0
154,153639438,0,Google Chrome :: https://developer.spotify.com/documentation/web-playback-sdk/quick-start,0.0,2,6,0
155,153639438,0,Google Chrome :: https://developer.spotify.com/documentation/web-playback-sdk/quick-start,0.0,2,6,1
156,153639439,0,Google Chrome :: https://developer.spotify.com/documentation/web-playback-sdk/quick-start,0.0,2,6,1
157,153639440,0,Google Chrome :: https://developer.spotify.com/documentation/web-playback-sdk/quick-start,0.0,0,6,1
158,153639441,0,Google Chrome :: https://developer.spotify.com/documentation/web-playback-sdk/quick-start,0.0,2,6,0
159,153639442,0,Atom,0.0,2,6,0
160,153639443,0,Google Chrome :: https://developer.spotify.com/documentation/web-playback-sdk/quick-start/#listening-through-the-sd,0.0,2,1,1
161,153639444,0,Google Chrome :: https://stackoverflow.com/questions/48760545/how-to-know-when-the-user-changes-the-song-with-the-spotify-ap,0.0,0,6,1
162,153639445,0,Google Chrome :: https://stackoverflow.com/questions/1683531/how-to-import-existing-git-repository-into-anothe,0.7115384615384616,2,6,1
163,153639446,0,Google Chrome :: https://www.google.com.sg/search?rlz=1C5CHFA_enSG730SG730&ei=1YSTW7CaA4nOvgT_9b-4Dg&q=spotify+listener+to+change+in+song+developer&oq=spotify+listener+to+change+in+song+developer&gs_l=psy-ab.3...4586.5887.0.6090.10.10.0.0.0.0.133.873.6j4.10.0....0...1c.1.64.psy-ab..0.9.818...33i160k1j33i21k1j33i13i21k1.0.7lCpAT_58k,0.21153846153846154,1,6,0
164,153639447,0,Google Chrome :: https://www.google.com.sg/search?rlz=1C5CHFA_enSG730SG730&ei=1YSTW7CaA4nOvgT_9b-4Dg&q=spotify+listener+to+change+in+song+developer&oq=spotify+listener+to+change+in+song+developer&gs_l=psy-ab.3...4586.5887.0.6090.10.10.0.0.0.0.133.873.6j4.10.0....0...1c.1.64.psy-ab..0.9.818...33i160k1j33i21k1j33i13i21k1.0.7lCpAT_58k,0.0,0,6,1
165,153639448,0,Google Chrome :: https://www.google.com.sg/search?rlz=1C5CHFA_enSG730SG730&ei=1YSTW7CaA4nOvgT_9b-4Dg&q=spotify+listener+to+change+in+song+developer&oq=spotify+listener+to+change+in+song+developer&gs_l=psy-ab.3...4586.5887.0.6090.10.10.0.0.0.0.133.873.6j4.10.0....0...1c.1.64.psy-ab..0.9.818...33i160k1j33i21k1j33i13i21k1.0.7lCpAT_58k,0.0,2,0,1
166,153639449,0,Google Chrome :: https://developer.spotify.com/documentation/web-api,0.0,0,6,1
167,153639449,0,Google Chrome :: https://developer.spotify.com/documentation/web-api/libraries,0.0,2,0,1
168,153639450,0,Google Chrome :: https://developer.spotify.com/documentation/web-api/libraries,0.0,2,6,1
169,153639451,0,Google Chrome :: https://developer.spotify.com/documentation/web-api/quick-start,0.0,2,6,1
170,153639452,0,Google Chrome :: https://developer.spotify.com/documentation/web-api/quick-start,0.0,2,6,1
171,153639453,0,Google Chrome :: https://developer.spotify.com/documentation/web-api/quick-start,0.0,2,6,1
172,153639454,0,Google Chrome :: https://developer.spotify.com/console/get-recently-played/?type=track&limit=30&after=&before,0.0,2,6,1
173,153639455,0,Google Chrome :: https://developer.spotify.com/console/get-recently-played/?type=track&limit=30&after=&before,0.0,0,6,1
174,153639456,0,Google Chrome :: https://developer.spotify.com/console/get-recently-played/?type=track&limit=30&after=&before,0.0,2,0,1
175,153639457,0,Google Chrome :: https://developer.spotify.com/console/get-recently-played/?type=track&limit=30&after=&before,0.0,2,6,1
176,153639458,0,Google Chrome :: https://developer.spotify.com/console/get-recently-played/?type=track&limit=30&after=&before,0.0,2,6,1
177,153639459,0,Google Chrome :: https://www.facebook.com/v2.3/dialog/oauth?client_id=174829003346&state=AQBy5HXG-A3y0UuKA1VJx_Vxvx3fGs_ltAJOc_WrjTtcMvBfYRSB1Y1ibbnE-L-9d8P_aqieZV7ZWOs-U7pCIdLWFPrIxGOVVn3oWcanl8KLsvPCgxj2ezDcSX516Aqvqbnl&redirect_uri=https%3A%2F%2Faccounts.spotify.com%2Fapi%2Ffacebook%2Foauth%2Faccess_toke,0.0,0,6,1
178,153639460,0,Google Chrome :: https://developer.spotify.com/console/get-recently-played/?type=track&limit=30&after=&before,0.0,2,6,1
179,153639461,0,Google Chrome :: https://developer.spotify.com/console/get-recently-played/?type=track&limit=30&after=&before,0.0,2,6,1
180,153639461,0,Google Chrome :: https://developer.spotify.com/console/get-recently-played/?type=track&limit=30&after=&before,0.0,0,0,1
181,153639462,0,Google Chrome :: https://developer.spotify.com/console/get-recently-played/?type=track&limit=30&after=&before,0.0,0,6,1
182,153639463,0,Google Chrome :: https://developer.spotify.com/console/get-recently-played/?type=track&limit=30&after=&before,0.1346153846153846,2,6,0
183,153639464,0,Google Chrome :: https://developer.spotify.com/console/get-recently-played/?type=track&limit=30&after=&before,0.34615384615384615,2,6,1
184,153639465,0,Google Chrome :: https://developer.spotify.com/console/get-recently-played/?type=track&limit=30&after=&before,0.09615384615384616,2,6,0
185,153639466,0,Google Chrome :: https://developer.spotify.com/console/player,0.0,2,6,1
186,153639467,0,Google Chrome :: https://developer.spotify.com/console/get-user-player,0.0,1,6,1
187,153639468,0,Google Chrome :: https://developer.spotify.com/console/get-user-player,0.0,2,6,1
188,153639469,0,Google Chrome :: https://developer.spotify.com/console/get-user-player,0.0,2,6,1
189,153639470,0,Google Chrome :: https://developer.spotify.com/console/get-user-player,0.0,2,6,1
190,153639471,0,Google Chrome :: https://developer.spotify.com/documentation/web-api/quick-start,0.0,2,6,1
191,153639472,0,Google Chrome :: https://developer.spotify.com,0.0,2,6,1
192,153639472,0,Google Chrome :: https://developer.spotify.com/documentation,0.0,2,6,1
193,153639473,0,Google Chrome :: https://developer.spotify.com/documentation/web-api,0.0,2,6,1
194,153639475,0,Google Chrome :: https://developer.spotify.com/console/get-user-player,0.0,2,4,1
195,153639474,0,Google Chrome :: https://developer.spotify.com/documentation/web-api,0.0,0,6,1
196,153639476,0,Google Chrome :: https://developer.spotify.com/console/get-user-player,0.0,1,6,1
197,153639477,0,Google Chrome :: https://developer.spotify.com/console/get-user-player/?market,0.0,2,6,1
198,153639478,0,Google Chrome :: https://developer.spotify.com/console/get-user-player/?market,0.0,2,6,1
199,153639479,0,Google Chrome :: https://developer.spotify.com/console/get-user-player/?market,0.0,2,6,1
200,153639480,0,Google Chrome :: https://developer.spotify.com/console/get-user-player/?market,0.0,2,6,1
201,153639481,0,Google Chrome :: https://developer.spotify.com/console/get-user-player/?market,0.0,2,6,1
202,153639482,0,Google Chrome :: https://developer.spotify.com/console/get-user-player/?market,0.0,2,6,1
203,153639482,1,Spotify,0.0,2,6,1
204,153639483,0,Google Chrome :: https://developer.spotify.com/console/get-user-player/?market,0.0,2,6,1
205,153639484,0,Google Chrome :: https://developer.spotify.com/console/get-user-player/?market,0.0,2,6,1
206,153639485,0,Google Chrome :: https://developer.spotify.com/console/get-user-player/?market,0.0,2,6,1
207,153639486,0,Google Chrome :: https://developer.spotify.com/console/get-user-player/?market,0.0,2,6,0
208,153639487,0,Google Chrome :: https://developer.spotify.com/console/get-user-player/?market,0.0,2,6,1
209,153639488,0,Google Chrome :: https://developer.spotify.com/console/get-user-player/?market,0.0,2,6,1
210,153639489,0,Google Chrome :: https://developer.spotify.com/console/get-user-player/?market,0.0,0,6,1
211,153639490,0,Google Chrome :: https://developer.spotify.com/console/get-user-player/?market,0.0,0,6,1
212,153639491,0,Google Chrome :: https://developer.spotify.com/console/get-user-player/?market,0.0,2,6,1
213,153639492,0,Google Chrome :: https://developer.spotify.com/console/player,0.0,0,6,1
214,153639493,0,Google Chrome :: https://developer.spotify.com/console/get-users-currently-playing-track,0.0,1,6,1
215,153639493,0,Google Chrome :: https://developer.spotify.com/console/get-users-currently-playing-track,0.0,0,3,1
216,153639494,0,Google Chrome :: https://developer.spotify.com/console/get-users-currently-playing-track,0.0,0,6,1
217,153639495,0,Google Chrome :: https://developer.spotify.com/console/get-users-currently-playing-track,0.0,2,0,1
218,153639496,0,Google Chrome :: https://developer.spotify.com/console/get-users-currently-playing-track,0.11538461538461539,2,6,1
219,153639497,0,Google Chrome :: https://developer.spotify.com/console/get-users-currently-playing-track,0.0,0,6,1
220,153639498,0,Google Chrome :: https://developer.spotify.com/console/get-users-currently-playing-track,0.34615384615384615,2,6,1
221,153639499,0,Google Chrome :: https://developer.spotify.com/console/get-users-currently-playing-track,0.09615384615384616,2,6,1
222,153639500,0,Google Chrome :: https://stackoverflow.com/questions/48760545/how-to-know-when-the-user-changes-the-song-with-the-spotify-ap,0.07692307692307693,0,6,1
223,153639501,0,Google Chrome :: https://stackoverflow.com/questions/48760545/how-to-know-when-the-user-changes-the-song-with-the-spotify-ap,0.15384615384615385,2,6,1
224,153639502,0,Google Chrome :: https://stackoverflow.com/questions/48760545/how-to-know-when-the-user-changes-the-song-with-the-spotify-ap,0.21153846153846154,0,6,1
225,153639503,0,Google Chrome :: https://www.google.com.sg/search?q=spotify+api+find+track+type&rlz=1C5CHFA_enSG730SG730&oq=spotify+api+find+track+type&aqs=chrome..69i57.26099j0j4&sourceid=chrome&ie=UTF-,0.38461538461538464,1,6,1
226,153639504,0,Google Chrome :: https://www.google.com.sg/search?q=spotify+api+find+track+type&rlz=1C5CHFA_enSG730SG730&oq=spotify+api+find+track+type&aqs=chrome..69i57.26099j0j4&sourceid=chrome&ie=UTF-,0.0,0,6,1
227,153639504,0,Google Chrome :: https://developer.spotify.com/documentation/web-api/reference/tracks/get-audio-analysis,0.0,0,6,1
228,153639505,0,Google Chrome :: https://developer.spotify.com/documentation/web-api/reference/tracks/get-audio-analysis,0.0,0,6,1
229,153639509,0,Google Chrome :: https://www.google.com.sg/search?rlz=1C5CHFA_enSG730SG730&ei=QIeTW63-NKWOvQT5lZXQDQ&q=spotify+api+get+current+song+genre&oq=spotify+api+get+current+song+genre&gs_l=psy-ab.3..33i22i29i30k1.14457.18229.0.18312.13.11.1.1.1.0.81.615.10.10.0....0...1c.1.64.psy-ab..1.12.613...0j0i20i263k1j0i22i30k1j33i160k1.0.vpSRBdwa1F,0.28846153846153844,0,6,1
230,153639510,0,Google Chrome :: https://developer.spotify.com/documentation/web-api/reference/player/get-the-users-currently-playing-track,0.0,2,6,1
231,153639511,0,Google Chrome :: https://developer.spotify.com/documentation/web-api/reference/player/get-the-users-currently-playing-track,0.0,0,6,1
232,153639512,0,Google Chrome :: https://developer.spotify.com/documentation/web-api/reference/player/get-the-users-currently-playing-track,0.0,2,6,1
233,153639513,0,Google Chrome :: https://developer.spotify.com/documentation/web-api/reference/player/get-the-users-currently-playing-track,0.0,2,6,1
234,153639514,0,Google Chrome :: https://developer.spotify.com/documentation/web-api/reference/player/get-the-users-currently-playing-track,0.0,2,6,1
235,153639507,1,Spotify,0.1346153846153846,2,6,1
236,153639506,0,Google Chrome :: https://www.google.com.sg/search?q=spotify+api+find+track+type&rlz=1C5CHFA_enSG730SG730&oq=spotify+api+find+track+type&aqs=chrome..69i57.26099j0j4&sourceid=chrome&ie=UTF-,0.15384615384615385,2,6,1
237,153639508,1,Spotify,0.0,0,6,1
238,153639515,0,Google Chrome :: https://developer.spotify.com/documentation/web-api/reference/player/get-the-users-currently-playing-track,0.17307692307692307,0,6,1
239,153639515,0,Google Chrome :: https://developer.spotify.com/documentation/web-api/reference/player/get-the-users-currently-playing-track,0.09615384615384616,2,6,1
240,153639516,0,Google Chrome :: https://developer.spotify.com/documentation/web-api/reference/player/get-the-users-currently-playing-track,0.09615384615384616,0,1,1
241,153639517,0,Google Chrome :: https://developer.spotify.com/documentation/web-api/reference/player/get-the-users-currently-playing-track,0.0,2,6,1
242,153639518,0,Google Chrome :: https://www.google.com.sg/search?rlz=1C5CHFA_enSG730SG730&ei=3YSTW8eAHYzjvgTSgpeAAw&q=spotify+api+get+track+genre&oq=get+track+genre&gs_l=psy-ab.3.1.0i22i30k1l2.717744.721003.0.723325.15.15.0.0.0.0.77.870.15.15.0....0...1c.1.64.psy-ab..0.15.859...0j35i39k1j0i67k1j0i131k1j0i20i263k1j0i10k1j0i22i10i30k1.0.tlEwS8TVFW,0.3269230769230769,2,6,1
243,153639519,0,Google Chrome :: https://developer.spotify.com/console/get-available-genre-seeds,0.0,0,3,0
244,153639520,0,Google Chrome :: https://developer.spotify.com/console/get-available-genre-seeds,0.0,0,6,1
245,153639521,0,Google Chrome :: https://developer.spotify.com/console/tracks,0.0,2,6,1
246,153639522,0,Google Chrome :: https://developer.spotify.com/console/tracks,0.0,2,6,1
247,153639523,0,Google Chrome :: https://developer.spotify.com/console/get-track,0.0,2,6,1
248,153639524,0,Google Chrome :: https://developer.spotify.com/console/get-users-currently-playing-track,0.19230769230769232,2,6,1
249,153639525,0,Google Chrome :: https://developer.spotify.com/console/get-users-currently-playing-track,0.019230769230769232,0,6,1
250,153639526,0,Google Chrome :: https://developer.spotify.com/console/get-users-currently-playing-track,0.0,1,6,1
251,153639526,0,Google Chrome :: https://developer.spotify.com/console/get-track,0.038461538461538464,2,6,1
252,153639527,0,Google Chrome :: https://developer.spotify.com/console/get-track,0.0,2,6,1
253,153639528,0,Google Chrome :: https://developer.spotify.com/console/get-users-currently-playing-track,0.0,2,6,1
254,153639529,0,Google Chrome :: https://developer.spotify.com/console/get-users-currently-playing-track,0.0,2,6,1
255,153639530,0,Google Chrome :: https://developer.spotify.com/console/get-users-currently-playing-track,0.019230769230769232,0,6,1
256,153639531,0,Google Chrome :: https://developer.spotify.com/console/get-track,0.019230769230769232,0,6,1
257,153639532,0,Google Chrome :: https://developer.spotify.com/documentation/web-api/reference/player/get-the-users-currently-playing-track,0.0,2,6,1
258,153639533,0,Google Chrome :: https://developer.spotify.com/console/get-users-currently-playing-track,0.1346153846153846,2,6,0
259,153639534,0,Google Chrome :: https://developer.spotify.com/console/get-users-currently-playing-track,0.019230769230769232,2,6,1
260,153639535,0,Google Chrome :: https://developer.spotify.com/console/get-users-currently-playing-track,0.019230769230769232,2,6,0
261,153639536,0,Google Chrome :: https://developer.spotify.com/console/get-track,0.038461538461538464,0,6,1
262,153639536,0,Google Chrome :: https://developer.spotify.com/console/get-track,0.25,0,6,1
263,153639537,0,Google Chrome :: https://developer.spotify.com/console/get-track,0.0,2,6,1
264,153639538,0,Google Chrome :: https://developer.spotify.com/console/get-track,0.0,2,6,0
265,153639539,1,Spotify,0.0,0,6,1
266,153639540,0,Google Chrome :: https://developer.spotify.com/console/get-users-currently-playing-track,0.0,2,6,1
267,153639541,0,Google Chrome :: https://developer.spotify.com/console/get-users-currently-playing-track,0.0,2,6,1
268,153639542,0,Google Chrome :: https://developer.spotify.com/console/get-users-currently-playing-track,0.11538461538461539,0,6,0
269,153639543,0,Google Chrome :: https://developer.spotify.com/console/get-track,0.038461538461538464,2,6,1
270,153639544,0,Google Chrome :: https://developer.spotify.com/console/get-track,0.0,2,6,1
271,153639545,0,Google Chrome :: https://developer.spotify.com/console/get-track,0.0,2,6,1
272,153639546,2,Google Chrome :: http://localhost:8124,0.0,2,6,1
273,153639547,0,Google Chrome :: https://developer.spotify.com/documentation/web-api/reference/player/get-the-users-currently-playing-track,0.0,1,6,1
274,153639547,0,Google Chrome :: https://developer.spotify.com/documentation/web-api/reference/player/get-the-users-currently-playing-track,0.34615384615384615,2,6,1
275,153639548,2,Google Chrome :: https://www.google.com.sg/search?q=spotify+get+track+genre&rlz=1C5CHFA_enSG730SG730&oq=get+track+genre&aqs=chrome.1.69i57j0l2j69i64.5987j0j4&sourceid=chrome&ie=UTF-,0.038461538461538464,2,3,0
276,153639549,2,Google Chrome :: https://community.spotify.com/t5/Music-Chat/How-do-I-check-the-genre-of-a-song/td-p/152105,0.0,1,6,0
277,153639550,2,Google Chrome :: https://community.spotify.com/t5/Music-Chat/How-do-I-check-the-genre-of-a-song/td-p/152105,0.0,2,6,1
278,153639551,2,Google Chrome :: https://community.spotify.com/t5/Music-Chat/How-do-I-check-the-genre-of-a-song/td-p/152105,0.0,0,6,1
279,153639552,2,Google Chrome :: https://community.spotify.com/t5/Music-Chat/How-do-I-check-the-genre-of-a-song/td-p/152105,0.0,2,6,1
280,153639553,2,Google Chrome :: https://community.spotify.com/t5/Music-Chat/How-do-I-check-the-genre-of-a-song/td-p/152105,0.0,2,6,0
281,153639554,2,Google Chrome :: https://community.spotify.com/t5/Music-Chat/How-do-I-check-the-genre-of-a-song/td-p/152105,0.0,0,6,1
282,153639555,2,Google Chrome :: https://community.spotify.com/t5/Music-Chat/How-do-I-check-the-genre-of-a-song/td-p/152105,0.0,2,6,1
283,153639556,1,Spotify,0.0,2,6,0
284,153639557,1,Spotify,0.0,2,6,1
285,153639558,1,Spotify,0.0,2,6,0
286,153639558,2,Google Chrome :: https://community.spotify.com/t5/Music-Chat/How-do-I-check-the-genre-of-a-song/td-p/152105,0.0,2,6,0
287,153639559,2,Google Chrome :: https://community.spotify.com/t5/Music-Chat/How-do-I-check-the-genre-of-a-song/td-p/152105,0.0,2,6,1
288,153639560,2,Google Chrome :: https://community.spotify.com/t5/Music-Chat/How-do-I-check-the-genre-of-a-song/td-p/152105,0.0,2,6,0
289,153639561,2,Google Chrome :: https://community.spotify.com/t5/Music-Chat/How-do-I-check-the-genre-of-a-song/td-p/152105,0.0,2,6,0
290,153639562,2,Google Chrome :: https://community.spotify.com/t5/Music-Chat/How-do-I-check-the-genre-of-a-song/td-p/152105,0.0,1,6,1
291,153639563,2,Google Chrome :: https://community.spotify.com/t5/Music-Chat/How-do-I-check-the-genre-of-a-song/td-p/152105,0.0,1,6,1
292,153639564,2,Google Chrome :: https://community.spotify.com/t5/Music-Chat/How-do-I-check-the-genre-of-a-song/td-p/152105,0.0,2,6,1
293,153639565,2,Google Chrome :: https://community.spotify.com/t5/Music-Chat/How-do-I-check-the-genre-of-a-song/td-p/152105,0.0,2,6,1
294,153639566,2,Google Chrome :: https://community.spotify.com/t5/Music-Chat/How-do-I-check-the-genre-of-a-song/td-p/152105,0.0,2,6,1
295,153639567,2,Google Chrome :: http://organizeyourmusic.playlistmachinery.com,0.0,2,0,1
296,153639568,2,Google Chrome :: http://organizeyourmusic.playlistmachinery.com,0.0,0,5,1
297,153639568,2,Google Chrome :: https://community.spotify.com/t5/Music-Chat/How-do-I-check-the-genre-of-a-song/td-p/152105,0.0,0,6,1
298,153639569,2,Google Chrome :: https://community.spotify.com/t5/Music-Chat/How-do-I-check-the-genre-of-a-song/td-p/152105,0.0,0,6,1
299,153639570,2,Google Chrome :: https://community.spotify.com/t5/Music-Chat/How-do-I-check-the-genre-of-a-song/td-p/152105,0.0,2,6,1
300,153639571,0,Google Chrome :: https://stackoverflow.com/questions/41224070/spotify-javascript-api-getting-the-genre-of-a-song-in-a-playlis,0.0,0,6,1
301,153639572,0,Google Chrome :: https://stackoverflow.com/questions/41224070/spotify-javascript-api-getting-the-genre-of-a-song-in-a-playlis,0.0,2,6,0
302,153639573,0,Google Chrome :: https://stackoverflow.com/questions/41224070/spotify-javascript-api-getting-the-genre-of-a-song-in-a-playlis,0.0,0,6,1
303,153639574,0,Google Chrome :: https://stackoverflow.com/questions/41224070/spotify-javascript-api-getting-the-genre-of-a-song-in-a-playlis,0.0,2,6,1
304,153639575,2,Google Chrome :: https://www.google.com.sg/search?q=spotify+get+track+genre&rlz=1C5CHFA_enSG730SG730&oq=get+track+genre&aqs=chrome.1.69i57j0l2j69i64.5987j0j4&sourceid=chrome&ie=UTF-,0.0,2,6,1
305,153639576,2,Google Chrome :: https://www.google.com.sg/search?q=spotify+get+track+genre&rlz=1C5CHFA_enSG730SG730&oq=get+track+genre&aqs=chrome.1.69i57j0l2j69i64.5987j0j4&sourceid=chrome&ie=UTF-,0.0,0,6,1
306,153639577,2,Google Chrome :: https://www.google.com.sg/search?q=spotify+get+track+genre&rlz=1C5CHFA_enSG730SG730&oq=get+track+genre&aqs=chrome.1.69i57j0l2j69i64.5987j0j4&sourceid=chrome&ie=UTF-,0.0,2,6,1
307,153639578,2,Google Chrome :: https://www.google.com.sg/search?q=spotify+get+track+genre&rlz=1C5CHFA_enSG730SG730&oq=get+track+genre&aqs=chrome.1.69i57j0l2j69i64.5987j0j4&sourceid=chrome&ie=UTF-,0.0,2,6,1
308,153639579,2,Google Chrome :: https://www.google.com.sg/search?q=spotify+get+track+genre&rlz=1C5CHFA_enSG730SG730&oq=get+track+genre&aqs=chrome.1.69i57j0l2j69i64.5987j0j4&sourceid=chrome&ie=UTF-,0.0,2,6,1
309,153639579,2,Google Chrome :: https://www.google.com.sg/search?q=spotify+get+track+genre&rlz=1C5CHFA_enSG730SG730&oq=get+track+genre&aqs=chrome.1.69i57j0l2j69i64.5987j0j4&sourceid=chrome&ie=UTF-,0.0,2,6,1
310,153639580,2,Google Chrome :: https://www.google.com.sg/search?q=spotify+get+track+genre&rlz=1C5CHFA_enSG730SG730&oq=get+track+genre&aqs=chrome.1.69i57j0l2j69i64.5987j0j4&sourceid=chrome&ie=UTF-,0.0,1,6,1
311,153639581,2,Google Chrome :: https://www.google.com.sg/search?q=spotify+get+track+genre&rlz=1C5CHFA_enSG730SG730&oq=get+track+genre&aqs=chrome.1.69i57j0l2j69i64.5987j0j4&sourceid=chrome&ie=UTF-,0.0,2,6,1
312,153639582,2,Google Chrome :: https://www.google.com.sg/search?q=spotify+get+track+genre&rlz=1C5CHFA_enSG730SG730&oq=get+track+genre&aqs=chrome.1.69i57j0l2j69i64.5987j0j4&sourceid=chrome&ie=UTF-,0.0,2,6,1
313,153639583,1,Spotify,0.0,2,6,1
314,153639584,2,Google Chrome :: https://www.google.com.sg/search?q=spotify+get+track+genre&rlz=1C5CHFA_enSG730SG730&oq=get+track+genre&aqs=chrome.1.69i57j0l2j69i64.5987j0j4&sourceid=chrome&ie=UTF-,0.0,0,6,1
315,153639585,2,Google Chrome :: https://www.google.com.sg/search?q=spotify+get+track+genre&rlz=1C5CHFA_enSG730SG730&oq=get+track+genre&aqs=chrome.1.69i57j0l2j69i64.5987j0j4&sourceid=chrome&ie=UTF-,0.0,0,6,1
316,153639586,2,Google Chrome :: https://www.google.com.sg/search?q=spotify+get+track+genre&rlz=1C5CHFA_enSG730SG730&oq=get+track+genre&aqs=chrome.1.69i57j0l2j69i64.5987j0j4&sourceid=chrome&ie=UTF-,0.0,2,6,1
317,153639587,2,Google Chrome :: https://www.google.com.sg/search?q=spotify+get+track+genre&rlz=1C5CHFA_enSG730SG730&oq=get+track+genre&aqs=chrome.1.69i57j0l2j69i64.5987j0j4&sourceid=chrome&ie=UTF-,0.0,0,6,0
318,153639589,0,Atom,0.0,2,0,1
319,153639591,0,Atom,0.0,0,6,1
320,153639592,0,Atom,0.0,1,6,1
321,153639588,2,Google Chrome :: https://www.google.com.sg/search?q=spotify+get+track+genre&rlz=1C5CHFA_enSG730SG730&oq=get+track+genre&aqs=chrome.1.69i57j0l2j69i64.5987j0j4&sourceid=chrome&ie=UTF-,0.0,2,6,1
322,153639594,0,Atom,0.0,0,6,1
323,153639595,0,Atom,0.0,2,6,0
324,153639596,0,Atom,0.0,2,6,1
325,153639597,0,Atom,0.0,2,6,0
326,153639590,0,Atom,0.0,0,6,1
327,153639599,0,Atom,0.0,2,6,1
328,153639600,0,Atom,0.0,2,6,1
329,153639600,0,Atom,0.0,0,6,1
330,153639601,0,Atom,0.0,0,6,0
331,153639602,0,Atom,0.0,2,6,1
332,153639603,0,Atom,0.0,2,6,1
333,153639604,0,Atom,0.0,1,6,1
334,153639605,0,Atom,0.0,2,6,1
335,153639590,0,Atom,0.0,2,6,1
336,153639607,2,Google Chrome :: https://www.rescuetime.com,0.0,0,6,1
337,153639608,2,Google Chrome :: https://www.rescuetime.com,0.019230769230769232,2,6,1
338,153639609,2,Google Chrome :: https://www.rescuetime.com,0.0,2,6,1
339,153639610,2,Google Chrome :: https://www.rescuetime.com,0.0,1,6,0
340,153639611,2,Google Chrome :: https://www.rescuetime.com,0.0,2,4,0
341,153639598,0,Atom,0.0,2,6,1
342,153639612,2,Google Chrome :: https://www.rescuetime.com,0.0,2,6,1
343,153639613,2,Google Chrome :: https://www.rescuetime.com,0.0,0,6,1
344,153639593,0,Atom,0.0,2,6,1
345,153639615,2,Google Chrome :: https://www.rescuetime.com,0.0,2,6,1
346,153639611,2,Google Chrome :: https://www.rescuetime.com,0.0,2,0,0
347,153639606,2,Google Chrome :: chrome://newtab,0.19230769230769232,2,6,0
348,153639614,2,Google Chrome :: https://www.rescuetime.com,0.0,2,6,1
349,153639619,2,Google Chrome :: https://www.rescuetime.com,0.0,2,6,1
350,153639620,0,Atom,0.0,2,6,1
351,153639621,0,Atom,0.0,2,6,1
352,153639621,0,Atom,0.0,2,6,0
353,153639622,0,Atom,0.0,0,6,1
354,153639623,0,Atom,0.0,2,6,1
355,153639624,0,Atom,0.0,2,6,1
356,153639625,0,Atom,0.0,2,6,1
357,153639626,0,Atom,0.0,0,6,1
358,153639627,0,Atom,0.0,2,5,1
359,153639628,0,Atom,0.0,2,3,1
360,153639629,0,Atom,0.0,2,0,1
361,153639630,0,Atom,0.0,1,6,1
362,153639631,0,Atom,0.0,1,6,1
363,153639632,0,Atom,0.0,2,6,1
364,153639632,0,Atom,0.0,0,6,1
365,153639633,0,Atom,0.0,2,6,1
366,153639634,0,Atom,0.07692307692307693,0,3,1
367,153639616,2,Google Chrome :: https://www.rescuetime.com,0.0,2,6,1
368,153639617,2,Google Chrome :: https://www.rescuetime.com,0.0,2,6,1
369,153639618,2,Google Chrome :: https://www.rescuetime.com,0.0,2,3,1
370,153639636,0,Atom,0.038461538461538464,2,6,1
371,153639637,0,Atom,0.0,0,6,1
372,153639638,0,Google Chrome :: https://developer.spotify.com/console/get-track,0.0,1,6,1
373,153639639,0,Atom,0.0,0,0,1
374,153639640,0,Atom,0.0,0,6,1
375,153639640,0,Atom,0.07692307692307693,0,6,1
376,153639644,0,Atom,0.0,0,6,1
377,153639642,0,Atom,0.0,0,6,1
378,153639646,0,Atom,0.0,2,6,1
379,153639641,0,Atom,0.1346153846153846,2,6,1
380,153639648,0,Atom,0.0,2,6,0
381,153639649,0,Atom,0.0,0,6,1
382,153639645,0,Atom,0.0,2,6,1
383,153639651,0,Atom,0.0,2,6,1
384,153639651,0,Atom,0.0,2,6,1
385,153639652,0,Atom,0.0,1,6,1
386,153639653,0,Atom,0.0,2,6,1
387,153639643,0,Atom,0.0,0,6,1
388,153639655,0,Atom,0.0,2,6,1
389,153639656,0,Atom,0.0,2,6,1
390,153639657,0,Atom,0.0,2,6,1
391,153639658,0,Atom,0.0,2,6,1
392,153639659,0,Atom,0.0,2,6,1
393,153639660,0,Atom,0.019230769230769232,2,6,1
394,153639661,0,Atom,0.23076923076923078,1,6,1
395,153639662,0,Atom,0.19230769230769232,2,6,1
396,153639662,0,Atom,0.25,2,6,1
397,153639663,0,Atom,0.19230769230769232,1,6,1
398,153639650,0,Atom,0.0,0,6,1
399,153639664,0,Atom,0.15384615384615385,1,4,1
400,153639665,0,Atom,0.11538461538461539,2,6,1
401,153639666,0,Atom,0.0,2,6,1
402,153639667,0,Atom,0.0,0,6,1
403,153639668,0,Atom,0.0,1,6,1
404,153639669,0,Atom,0.0,2,6,1
405,153639654,0,Atom,0.0,1,6,1
406,153639647,2,Google Chrome :: https://mail.google.com/mail/u/0/#inbo,0.0,2,6,1
407,153639670,0,Atom,0.0,2,6,1
408,153639671,0,Atom,0.15384615384615385,0,6,1
409,153639672,0,Atom,0.23076923076923078,2,6,1
410,153639672,0,Atom,0.019230769230769232,2,6,1
411,153639673,0,Atom,0.38461538461538464,2,6,1
412,153639677,0,Atom,0.15384615384615385,2,6,0
413,153639675,0,Atom,0.0,2,6,0
414,153639679,0,Atom,0.11538461538461539,0,6,1
415,153639674,0,Atom,0.038461538461538464,2,6,1
416,153639681,2,Calendar,0.0,2,6,0
417,153639682,0,Atom,0.0,2,6,1
418,153639678,0,Atom,0.15384615384615385,2,6,1
419,153639683,0,Atom,0.057692307692307696,2,6,1
420,153639684,0,Atom,0.038461538461538464,1,6,1
421,153639685,0,Atom,0.0,0,6,1
422,153639686,0,Atom,0.36538461538461536,2,6,1
423,153639687,0,Atom,0.36538461538461536,2,6,1
424,153639688,0,Atom,0.3269230769230769,0,6,1
425,153639676,0,Atom,0.0,2,6,0
426,153639690,0,Atom,0.019230769230769232,2,6,1
427,153639691,0,Atom,0.3076923076923077,0,6,1
428,153639692,0,Atom,0.23076923076923078,0,6,1
429,153639693,0,Atom,0.34615384615384615,2,6,1
430,153639693,0,Atom,0.4423076923076923,2,6,1
431,153639694,0,Atom,0.057692307692307696,2,0,0
432,153639695,0,Atom,0.46153846153846156,0,3,1
433,153639696,0,Atom,0.5769230769230769,2,6,1
434,153639697,0,Atom,0.0,2,6,1
435,153639698,0,Atom,0.0,1,6,1
436,153639699,0,Atom,0.019230769230769232,0,6,1
437,153639700,0,Atom,0.0,0,6,1
438,153639701,0,Atom,0.0,0,6,1
439,153639683,0,Atom,0.28846153846153844,2,6,1
440,153639702,0,Atom,0.0,0,6,1
441,153639703,0,Atom,0.0,2,6,1
442,153639680,0,Atom,0.07692307692307693,1,6,1
443,153639689,0,Atom,0.36538461538461536,2,6,1
444,153639704,0,Atom,0.0,2,0,1
445,153639704,0,Atom,0.0,2,6,1
446,153639705,0,Atom,0.07692307692307693,0,6,1
447,153639706,0,Atom,0.1346153846153846,2,6,1
448,153639707,0,Atom,0.1346153846153846,0,6,1
449,153639708,0,Atom,0.0,2,6,1
450,153639709,0,Atom,0.0,1,6,1
451,153639710,0,Atom,0.0,2,6,1
452,153639711,0,Atom,0.0,2,6,0
453,153639712,0,Atom,0.0,2,0,1
454,153639713,0,Atom,0.0,2,6,0
455,153639714,0,Atom,0.0,2,6,1
456,153639715,0,Atom,0.0,2,6,1
457,153639715,0,Atom,0.0,2,6,1
458,153639716,0,Atom,0.0,2,0,1
459,153639717,0,Atom,0.0,2,6,1
460,153639718,0,Atom,0.0,2,6,1
461,153639719,0,Atom,0.0,2,6,1
462,153639721,0,Atom,0.0,1,6,1
463,153639720,0,Atom,0.0,2,0,1
464,153639722,0,Atom,0.0,0,6,1
465,153639723,0,Atom,0.0,2,2,1
466,153639724,0,Atom,0.0,2,3,1
467,153639725,0,Atom,0.0,2,6,1
468,153639725,0,Atom,0.0,2,6,1
469,153639726,0,Atom,0.0,2,6,0
470,153639728,0,Atom,0.0,1,6,0
471,153639727,0,Atom,0.0,0,6,1
472,153639729,0,Atom,0.0,2,6,0
473,153639730,0,Atom,0.0,2,6,1
474,153639731,0,Atom,0.0,2,6,1
475,153639732,0,Atom,0.0,2,6,1
476,153639733,0,Atom,0.0,2,0,1
477,153639734,0,Atom,0.0,2,6,1
478,153639735,0,Atom,0.0,2,6,1
479,153639736,0,Atom,0.0,0,6,1
480,153639736,0,Atom,0.0,2,6,1
481,153639737,0,Atom,0.0,2,6,1
482,153639738,0,Atom,0.0,2,6,1
483,153639739,0,Atom,0.0,1,6,1
484,153639740,0,Atom,0.0,1,6,0
485,153639742,0,Atom,0.0,0,0,1
486,153639741,0,Atom,0.0,2,6,1
487,153639744,0,Atom,0.0,2,6,1
488,153639747,0,Atom,0.0,0,6,1
489,153639747,0,Atom,0.0,2,6,1
490,153639748,0,Atom,0.0,2,6,1
491,153639749,0,Atom,0.0,2,6,1
492,153639743,0,Atom,0.0,1,6,1
493,153639750,0,Atom,0.0,2,6,1
494,153639751,0,Atom,0.0,2,6,1
495,153639752,0,Atom,0.0,1,6,1
496,153639753,0,Atom,0.0,2,6,1
497,153639754,0,Atom,0.0,1,6,1
498,153639745,0,Atom,0.0,1,6,1
499,153639755,0,Atom,0.0,0,6,1
500,153639746,0,Atom,0.0,1,6,0
501,153639756,0,Atom,0.0,2,6,1
502,153639757,0,Atom,0.0,2,6,1
503,153639758,0,Atom,0.0,1,6,1
504,153639758,0,Atom,0.0,2,6,0
505,153639762,0,Atom,0.0,2,6,1
506,153639763,0,Atom,0.0,2,6,1
507,153639764,0,Atom,0.0,0,6,1
508,153639759,0,Atom,0.0,2,6,1
509,153639760,0,Atom,0.0,2,6,1
510,153639766,0,Atom,0.0,2,6,1
511,153639761,0,Atom,0.0,2,6,1
512,153639765,0,Atom,0.0,2,6,1
513,153639767,0,Atom,0.0,2,6,1
514,153639768,0,Atom,0.0,2,6,1
515,153639769,0,Atom,0.0,2,6,1
516,153639769,0,Atom,0.0,0,6,1
517,153639770,0,Atom,0.0,2,3,0
518,153639771,0,Atom,0.0,2,6,1
519,153639773,0,Atom,0.0,2,6,1
520,153639772,0,Atom,0.28846153846153844,0,6,1
521,153639775,0,Atom,0.0,1,6,1
522,153639777,0,Atom,0.0,2,6,1
523,153639778,0,Atom,0.0,0,6,1
524,153639779,2,Ato,0.0,2,6,1
525,153639780,2,Ato,0.0,2,6,1
526,153639780,2,Ato,0.0,2,6,1
527,153639776,0,Atom,0.0,2,6,1
528,153639774,0,Atom,0.0,2,6,1
529,153639782,2,Ato,0.0,2,6,1
530,153639781,2,Ato,0.0,0,6,0
531,153639783,2,Ato,0.0,2,6,0
532,153639784,2,Ato,0.0,2,6,0
533,153639785,0,Atom,0.0,2,6,1
534,153639786,0,Atom,0.0,0,6,1
535,153639788,0,Atom,0.0,2,6,1
536,153639789,0,Atom,0.0,1,6,1
537,153639787,0,Atom,0.0,2,6,1
538,153639790,0,Atom,0.0,2,6,1
539,153639790,0,Atom,0.0,2,6,1
540,153639791,0,Atom,0.0,2,6,1
541,153639794,0,Atom,0.0,2,0,0
542,153639792,0,Atom,0.0,2,6,1
543,153639793,0,Atom,0.0,2,6,0
544,153639797,0,Atom,0.0,2,6,1
545,153639795,0,Atom,0.0,2,2,1
546,153639796,0,Atom,0.0,2,6,1
547,153639798,0,Atom,0.0,2,6,1
548,153639799,0,Atom,0.0,2,6,0
549,153639800,0,Atom,0.0,2,6,1
550,153639801,0,Atom,0.0,2,6,1
551,153639801,0,Atom,0.0,2,6,1
552,153639802,0,Atom,0.0,2,0,1
553,153639803,0,Atom,0.0,2,6,1
554,153639804,0,Atom,0.0,2,6,1
555,153639805,0,Atom,0.0,0,6,1
556,153639806,0,Atom,0.0,2,6,1
557,153639807,0,Atom,0.0,0,6,1
558,153639808,0,Atom,0.0,1,6,1
559,153639809,0,Atom,0.0,2,6,1
560,153639810,0,Atom,0.0,0,6,1
561,153639811,0,Atom,0.0,2,6,1
562,153639812,0,Atom,0.0,2,0,1
563,153639812,0,Atom,0.0,2,6,0
564,153639815,0,Atom,0.0,2,6,1
565,153639813,0,Atom,0.0,0,6,1
566,153639814,0,Atom,0.0,2,6,1
567,153639816,0,Atom,0.0,2,6,1
568,153639817,0,Atom,0.0,2,6,1
569,153639818,0,Atom,0.0,2,6,1
570,153639820,0,Atom,0.0,1,6,1
571,153639819,0,Atom,0.0,0,6,1
572,153639821,0,Atom,0.0,2,6,1
573,153639822,0,Atom,0.0,2,6,1
574,153639822,0,Atom,0.0,2,6,1
575,153639823,0,Atom,0.0,2,6,1
576,153639824,0,Atom,0.0,1,6,1
577,153639825,0,Atom,0.0,2,6,1
578,153639826,0,Atom,0.0,0,6,1
579,153639827,0,Atom,0.0,2,6,1
580,153639829,0,Atom,0.0,2,6,1
581,153639831,0,Atom,0.0,2,6,1
582,153639832,0,Atom,0.0,2,6,1
583,153639828,0,Atom,0.0,2,6,1
584,153639830,0,Atom,0.0,0,3,1
585,153639833,0,Atom,0.019230769230769232,2,6,0
586,153639833,0,Atom,0.019230769230769232,2,6,1
587,153639834,0,Atom,0.0,2,0,1
588,153639835,0,Atom,0.0,0,6,1
589,153639836,0,Atom,0.0,2,6,1
590,153639837,0,Atom,0.0,2,6,1
591,153639838,0,Atom,0.0,2,6,1
592,153639839,0,Atom,0.0,2,6,1
593,153639840,0,Atom,0.0,2,0,1
594,153639841,0,Atom,0.0,1,6,1
595,153639842,0,Atom,0.0,2,6,1
596,153639843,0,Atom,0.0,0,6,1
597,153639844,0,Atom,0.0,1,6,1
598,153639844,0,Atom,0.0,0,6,1
599,153639845,0,Atom,0.0,0,6,1
600,153639846,0,Atom,0.0,2,6,1
601,153639847,0,Atom,0.0,2,6,1
602,153639848,0,Atom,0.0,2,6,1
603,153639849,0,Atom,0.0,2,6,1
604,153639850,0,Atom,0.1346153846153846,0,6,1
605,153639851,0,Atom,0.019230769230769232,2,0,1
606,153639852,0,Atom,0.0,2,3,1
607,153640184,0,Atom,0.019230769230769232,2,6,1
608,153640185,0,Atom,0.0,0,6,1
609,153640185,0,Atom,0.0,2,6,1
610,153640186,0,Atom,0.0,2,6,1
611,153640187,0,Atom,0.0,2,6,0
612,153640189,0,Atom,0.0,2,3,1
613,153640188,0,Atom,0.0,2,6,1
614,153640190,0,Atom,0.0,0,6,1
615,153642075,0,Terminal,0.038461538461538464,2,0,1
616,153642077,0,Atom,0.07692307692307693,2,6,1
617,153642076,0,Atom,0.0,2,6,0
618,153642078,0,Atom,0.17307692307692307,2,6,0
619,153642079,0,Atom,0.07692307692307693,2,6,1
620,153642080,0,Terminal,0.057692307692307696,2,6,1
621,153642081,0,Atom,0.15384615384615385,1,6,1
622,153642085,0,Atom,0.019230769230769232,2,6,1
623,153642083,0,Terminal,0.0,2,0,1
624,153642082,0,Terminal,0.057692307692307696,2,2,1
625,153642086,0,Atom,0.21153846153846154,1,6,1
626,153642084,2,Google Chrome :: https://www.google.com.sg/search?q=EOF&rlz=1C5CHFA_enSG730SG730&oq=EOF&aqs=chrome..69i57j69i60l3j0l2.475j0j4&sourceid=chrome&ie=UTF-,0.07692307692307693,2,6,1
627,153642087,0,Terminal,0.057692307692307696,2,6,1
628,153642086,0,Atom,0.4230769230769231,2,6,1
629,153642090,0,Atom,0.0,0,6,1
630,153642088,0,Atom,0.0,2,6,1
631,153642089,0,Atom,0.0,2,0,1
632,153642091,0,Atom,0.0,2,6,0
633,153642092,0,Atom,0.0,2,6,1
634,153642093,0,Atom,0.0,0,6,1
635,153642094,0,Atom,0.0,2,0,1
636,153642095,0,Atom,0.0,0,6,1
637,153642096,0,Atom,0.0,2,6,1
638,153642097,0,Atom,0.0,1,6,1
639,153642099,0,Atom,0.0,2,6,0
640,153642096,0,Atom,0.0,2,6,1
641,153642098,0,Atom,0.0,2,6,1
642,153642100,0,Atom,0.0,2,6,1
643,153642101,0,Atom,0.0,1,2,1
644,153642102,0,Atom,0.0,2,6,0
645,153642103,0,Atom,0.0,2,6,1
646,153642104,0,Atom,0.0,2,6,1
647,153642105,0,Google Chrome :: https://github.com/beverlybiwenlow/fbhackathon201,0.0,2,3,1
648,153642106,0,Atom,0.0,2,6,1
649,153642107,0,Google Chrome :: https://github.com/beverlybiwenlow/fbhackathon201,0.0,2,6,1
650,153642107,0,Google Chrome :: https://github.com/beverlybiwenlow/fbhackathon201,0.0,0,6,1
651,153642108,0,Google Chrome :: https://github.com/beverlybiwenlow/fbhackathon201,0.0,0,1,0
652,153642109,0,Google Chrome :: https://github.com/beverlybiwenlow/fbhackathon201,0.0,0,6,0
653,153642110,0,Atom,0.0,2,0,1
654,153642111,0,Terminal,0.17307692307692307,2,6,1
655,153642112,0,Terminal,0.0,1,6,1
656,153642113,0,Terminal,0.0,2,6,0
657,153642114,0,Terminal,0.21153846153846154,0,6,1
658,153642116,0,Terminal,0.0,2,6,0
659,153642117,0,Terminal,0.15384615384615385,2,6,1
660,153642118,0,Terminal,0.0,2,6,1
661,153642115,0,Terminal,0.0,2,6,1
662,153642118,0,Atom,0.0,2,6,1
663,153642119,0,Terminal,0.0,2,6,1
664,153642120,0,Google Chrome :: https://github.com/beverlybiwenlow/fbhackathon201,0.0,2,1,1
665,153642121,0,Google Chrome :: https://github.com/beverlybiwenlow/fbhackathon201,0.0,2,6,1
666,153642122,0,Google Chrome :: https://github.com/beverlybiwenlow/fbhackathon201,0.0,2,6,1
667,153642123,0,Terminal,0.0,2,6,1
668,153642124,0,Atom,0.0,2,6,0
669,153642125,0,Atom,0.0,2,6,1
670,153642126,0,Atom,0.0,2,6,0
671,153642127,0,Google Chrome :: https://github.com/beverlybiwenlow/fbhackathon201,0.0,2,6,1
672,153642128,0,Google Chrome :: https://github.com/beverlybiwenlow/fbhackathon201,0.0,2,6,1
673,153642128,0,Terminal,0.25,2,6,1
674,153642129,0,Terminal,0.19230769230769232,0,6,1
675,153642130,0,Terminal,0.0,2,6,1
676,153642131,0,Terminal,0.0,0,6,1
677,153642132,0,Terminal,0.4230769230769231,2,6,1
678,153642133,0,Terminal,0.28846153846153844,0,6,1
679,153642134,0,Terminal,0.0,2,6,1
680,153642135,0,Atom,0.0,1,3,0
681,153642136,0,Atom,0.0,1,6,1
682,153642138,0,Atom,0.0,2,6,1
683,153642137,0,Google Chrome :: https://github.com/beverlybiwenlow/fbhackathon201,0.0,0,6,1
684,153642139,0,Atom,0.0,1,6,1
685,153642139,0,Atom,0.0,2,6,1
686,153642140,2,Finder,0.0,2,6,1
687,153642141,0,Terminal,0.0,2,0,1
688,153642142,2,Finder,0.0,2,6,1
689,153642175,2,Finder,0.21153846153846154,2,6,1
690,153642174,2,Finder,0.0,1,6,1
691,153642176,2,Finder,0.36538461538461536,2,6,1
692,153642177,2,Finder,0.3076923076923077,2,6,1
693,153642178,2,Finder,0.0,2,6,1
694,153642179,2,Finder,0.0,0,6,1
695,153642180,2,Finder,0.0,2,6,1
696,153642181,2,Finder,0.0,2,6,1
697,153642181,2,Finder,0.0,0,6,1
698,153642182,2,Finder,0.0,2,6,1
699,153642183,2,Finder,0.0,1,6,1
700,153642184,2,Finder,0.0,2,6,1
701,153642185,2,Finder,0.0,0,6,0
702,153642202,2,Finder,0.0,2,6,1
703,153642203,2,Finder,0.038461538461538464,2,6,1
704,153642204,2,Finder,0.0,2,6,1
705,153642205,2,Finder,0.0,1,3,1
706,153642206,2,Finder,0.0,2,6,1
707,153642207,2,Finder,0.0,2,6,1
708,153642208,2,Finder,0.0,2,6,1
709,153642209,2,Finder,0.17307692307692307,2,6,1
710,153642210,2,Finder,0.0,2,6,1
711,153642211,2,Finder,0.0,2,6,1
712,153642212,2,Finder,0.0,0,6,1
713,153642213,2,Finder,0.0,2,6,1
714,153642213,2,Finder,0.0,2,6,1
715,153642214,2,Finder,0.0,0,6,1
716,153642215,2,Finder,0.019230769230769232,2,6,1
717,153642216,2,Finder,0.019230769230769232,2,6,1
718,153642217,2,Finder,0.0,2,6,1
719,153642218,2,Finder,0.0,1,6,1
720,153642220,2,Finder,0.038461538461538464,0,6,1
721,153642219,2,Finder,0.0,2,6,1
722,153642221,2,Finder,0.11538461538461539,2,6,1
723,153642222,2,Finder,0.19230769230769232,0,6,1
724,153642223,2,Finder,0.2692307692307692,2,6,1
725,153642223,2,Finder,0.0,2,6,1
726,153642224,2,Finder,0.0,2,6,1
727,153642225,2,Finder,0.0,2,6,1
728,153642226,2,Finder,0.0,2,6,1
729,153642227,2,Finder,0.0,2,1,1
730,153642228,2,Finder,0.0,2,6,1
731,153642229,2,Finder,0.0,0,6,1
732,153642230,2,Finder,0.0,0,6,0
733,153642231,2,Finder,0.0,2,6,1
734,153642232,2,Finder,0.0,2,3,1
735,153642233,2,Finder,0.0,0,6,1
736,153642234,2,Finder,0.0,2,6,1
737,153642234,2,Finder,0.0,1,6,1
738,153642235,2,Finder,0.0,2,6,1
739,153642236,2,Finder,0.0,2,6,1
740,153642237,2,Finder,0.0,2,6,1
741,153642238,2,Finder,0.07692307692307693,2,6,1
742,153642239,2,Finder,0.057692307692307696,2,6,1
743,153642240,2,Finder,0.0,1,6,1
744,153642241,2,Finder,0.057692307692307696,2,6,1
745,153642242,2,Finder,0.11538461538461539,0,6,1
746,153642243,2,Finder,0.057692307692307696,2,6,1
747,153642244,2,Finder,0.057692307692307696,2,6,1
748,153642245,2,Finder,0.0,2,6,1
749,153642245,2,Finder,0.0,2,6,1
750,153642246,2,Finder,0.0,2,6,1
751,153642247,2,Finder,0.0,2,6,1
752,153642294,2,Finder,0.057692307692307696,2,6,1
753,153642295,2,Finder,0.0,2,6,0
754,153642296,2,Finder,0.0,0,6,1
755,153642297,2,Finder,0.19230769230769232,2,6,1
756,153642297,2,Finder,0.0,1,6,1
757,153642299,2,Finder,0.0,2,6,1
758,153642298,2,Finder,0.0,1,6,1
759,153642300,2,Finder,0.0,0,6,1
760,153642301,2,Finder,0.0,2,3,1
761,153642302,2,Finder,0.0,2,6,0
762,153642303,2,Finder,0.0,2,6,1
763,153642304,2,Finder,0.0,2,6,1
764,153642305,2,Finder,0.0,2,0,1
765,153642306,2,Finder,0.0,2,6,0
766,153642307,2,Finder,0.0,2,6,1
767,153642308,2,Finder,0.0,2,6,1
768,153642308,2,Finder,0.0,0,6,1
769,153642309,2,Finder,0.0,2,6,1
770,153642310,2,Finder,0.0,2,6,1
771,153642311,2,Finder,0.038461538461538464,2,6,0
772,153642312,2,Finder,0.038461538461538464,2,6,1
773,153642313,2,Finder,0.057692307692307696,0,6,0
774,153642314,2,Finder,0.40384615384615385,2,6,1
775,153642315,2,Finder,0.2692307692307692,0,3,1
776,153642316,2,Finder,0.4423076923076923,1,6,1
777,153642317,2,Finder,0.17307692307692307,2,6,1
778,153642318,2,Finder,0.2692307692307692,2,6,1
779,153642319,2,Finder,0.0,0,6,1
780,153642319,2,Finder,0.0,2,6,1
781,153642320,2,Finder,0.0,2,6,1
782,153642321,2,Finder,0.0,2,6,0
783,153642322,2,Finder,0.0,2,6,1
784,153642323,2,Finder,0.0,2,6,1
785,153642324,2,Finder,0.0,2,6,1
786,153642325,2,Finder,0.0,2,6,1
787,153642326,2,Finder,0.0,2,6,0
788,153642327,2,Finder,0.0,2,0,1
789,153642328,2,Finder,0.0,2,6,1
790,153642329,2,Finder,0.0,2,6,1
791,153642329,2,Finder,0.0,2,6,1
792,153642330,2,Finder,0.0,0,6,1
793,153642331,2,Finder,0.0,2,6,1
794,153642332,2,Finder,0.0,0,6,1
795,153642333,2,Finder,0.0,0,6,1
796,153642334,2,Finder,0.0,2,6,1
797,153642335,2,Finder,0.0,2,6,1
798,153642336,2,Finder,0.0,0,6,1
799,153642337,2,Finder,0.0,2,6,1
800,153642338,2,Finder,0.0,1,6,1
801,153642339,2,Finder,0.0,2,6,1
802,153642340,2,Finder,0.0,2,6,0
803,153642340,2,Finder,0.0,2,6,1
804,153642341,2,Finder,0.0,2,6,1
805,153642342,2,Finder,0.0,2,6,1
806,153642343,2,Finder,0.0,1,6,1
807,153642344,2,Finder,0.0,2,6,1
808,153642345,2,Finder,0.0,0,6,1
809,153642346,2,Finder,0.0,2,6,1
810,153642347,2,Finder,0.0,1,6,1
811,153642348,2,Finder,0.0,1,6,1
812,153642349,2,Finder,0.0,2,0,1
813,153642350,2,Finder,0.0,1,6,1
814,153642350,2,Finder,0.0,1,6,0
815,153642351,2,Finder,0.0,0,6,1
816,153642352,2,Finder,0.0,2,6,1
817,153642353,2,Finder,0.0,2,6,1
818,153642354,2,Finder,0.0,0,6,1
819,153642355,2,Finder,0.0,2,1,0
820,153642356,2,Finder,0.0,2,6,1
821,153642357,2,Finder,0.0,2,6,1
822,153642358,2,Finder,0.0,0,6,1
823,153642359,2,Finder,0.0,2,6,1
824,153642360,2,Finder,0.0,1,6,1
825,153642361,2,Finder,0.0,2,6,1
826,153642361,2,Finder,0.0,2,6,0
827,153642363,2,Finder,0.0,2,6,1
828,153642362,2,Finder,0.0,2,6,1
829,153642364,2,Finder,0.0,2,6,1
830,153642365,2,Finder,0.0,2,6,1
831,153642366,2,Finder,0.0,1,6,1
832,153642367,2,Finder,0.0,2,6,1
833,153642368,2,Finder,0.0,2,6,1
834,153642369,2,Finder,0.0,0,6,1
835,153642370,2,Finder,0.0,2,6,1
836,153642371,2,Finder,0.0,2,2,1
837,153642371,2,Finder,0.0,2,6,1
838,153642372,2,Finder,0.0,0,6,1
839,153642373,2,Finder,0.0,2,6,0
840,153642374,2,Finder,0.0,2,6,1
841,153642375,2,Finder,0.0,2,6,1
842,153642376,2,Finder,0.0,0,6,1
843,153642377,2,Finder,0.0,1,3,1
844,153642378,2,Finder,0.0,2,6,1
845,153642379,2,Finder,0.0,2,6,1
846,153642380,2,Finder,0.0,2,6,1
847,153642381,2,Finder,0.0,2,6,1
848,153642382,2,Finder,0.0,1,6,1
849,153642382,2,Finder,0.0,2,6,0
850,153642383,2,Finder,0.0,2,6,1
851,153642384,2,Finder,0.0,2,6,1
852,153642385,2,Finder,0.0,0,6,1
853,153642386,2,Finder,0.0,1,6,1
854,153642387,2,Finder,0.0,2,6,1
855,153642388,2,Finder,0.0,0,6,1
856,153642389,2,Finder,0.0,2,6,1
857,153642390,2,Finder,0.0,0,6,1
858,153642391,2,Finder,0.0,0,6,0
859,153642392,2,Finder,0.0,2,6,1
860,153642392,2,Finder,0.0,0,6,1
861,153642393,2,Finder,0.0,0,6,0
862,153642394,2,Finder,0.0,2,6,0
863,153642395,2,Finder,0.0,2,6,1
864,153642396,2,Finder,0.0,1,6,1
865,153642397,2,Finder,0.0,2,6,1
866,153642398,2,Finder,0.0,2,6,1
867,153642399,2,Finder,0.0,2,6,1
868,153642400,2,Finder,0.0,2,6,1
869,153642401,2,Finder,0.0,2,6,1
870,153642402,2,Finder,0.0,1,6,1
871,153642403,2,Finder,0.0,2,6,0
872,153642403,2,Finder,0.0,0,6,1
873,153642404,2,Finder,0.0,2,1,1
874,153642405,2,Finder,0.0,2,0,0
875,153642406,2,Finder,0.0,2,6,1
876,153642407,2,Finder,0.0,1,6,1
877,153642408,2,Finder,0.0,2,6,1
878,153642409,2,Finder,0.0,0,6,1
879,153642410,2,Finder,0.0,0,6,0
880,153642411,2,Finder,0.0,2,6,1
881,153642412,2,Finder,0.0,2,6,1
882,153642413,2,Finder,0.0,2,6,1
883,153642413,2,Finder,0.0,0,6,1
884,153642414,2,Finder,0.0,0,6,1
885,153642415,2,Finder,0.0,0,6,1
886,153642416,2,Finder,0.0,2,6,1
887,153642417,2,Finder,0.0,2,6,1
888,153642418,2,Finder,0.0,2,3,0
889,153642419,2,Finder,0.0,2,6,1
890,153642420,2,Finder,0.0,0,6,1
891,153642421,2,Finder,0.0,0,6,1
892,153642422,2,Finder,0.0,1,6,0
893,153642423,2,Finder,0.0,2,3,1
894,153642424,2,Finder,0.0,2,6,1
895,153642424,2,Finder,0.0,2,6,0
896,153642427,2,Finder,0.0,2,6,1
897,153642428,2,Finder,0.0,0,6,1
898,153642429,2,Finder,0.0,2,6,1
899,153642430,2,Finder,0.0,2,6,1
900,153642425,2,Finder,0.0,0,6,1
901,153642426,2,Finder,0.0,2,6,0
902,153642431,2,Finder,0.0,2,6,1
903,153642432,2,Finder,0.0,2,6,1
904,153642433,2,Finder,0.0,2,6,1
905,153642434,2,Finder,0.0,2,6,1
906,153642435,2,Finder,0.0,1,6,1
907,153642435,2,Finder,0.0,1,6,1
908,153642436,2,Finder,0.0,1,6,1
909,153642437,2,Finder,0.0,2,6,1
910,153642438,2,Finder,0.0,2,6,1
911,153642439,2,Finder,0.0,2,6,1
912,153642440,2,Finder,0.0,2,3,1
913,153642441,2,Finder,0.0,2,6,1
914,153642442,2,Finder,0.0,2,6,1
915,153642443,2,Finder,0.0,2,6,1
916,153642444,2,Finder,0.0,2,6,0
917,153642445,2,Finder,0.0,2,6,1
918,153642445,2,Finder,0.0,2,6,1
919,153642446,2,Finder,0.0,1,6,1
920,153642447,2,Finder,0.0,0,6,1
921,153642448,2,Finder,0.0,2,6,1
922,153642449,2,Finder,0.0,2,6,1
923,153642450,2,Finder,0.0,2,6,1
924,153642451,2,Finder,0.0,2,6,1
925,153642452,2,Finder,0.0,2,6,1
926,153642453,2,Finder,0.0,2,6,1
927,153642454,2,Finder,0.0,2,5,1
928,153642455,2,Finder,0.0,2,6,1
929,153642456,2,Finder,0.0,2,6,1
930,153642456,2,Finder,0.0,2,6,1
931,153642457,2,Finder,0.0,1,6,0
932,153642458,2,Finder,0.0,2,6,1
933,153642459,2,Finder,0.0,2,6,1
934,153642460,2,Finder,0.0,2,6,1
935,153642461,2,Finder,0.0,0,6,1
936,153642462,2,Finder,0.057692307692307696,2,6,1
937,153642463,2,Finder,0.3269230769230769,2,0,1
938,153642464,2,Finder,0.07692307692307693,1,6,1
939,153642492,2,Finder,0.019230769230769232,2,6,1
940,153642493,2,Finder,0.0,2,0,1
941,153642495,0,Atom,0.0,2,6,1
942,153642494,0,Atom,0.0,2,6,1
943,153642496,0,Atom,0.0,2,6,1
944,153642497,0,Atom,0.019230769230769232,1,6,1
945,153642498,0,Atom,0.0,2,0,0
946,153642499,0,Atom,0.0,1,6,1
947,153642500,0,Atom,0.0,0,6,1
948,153642501,0,Atom,0.0,2,6,1
949,153642501,0,Atom,0.0,2,6,1
950,153642502,0,Atom,0.0,2,6,1
951,153642503,0,Atom,0.0,2,6,1
952,153642504,0,Google Chrome :: https://stackoverflow.com/questions/12276507/run-script-on-mac-prompt-permission-denie,0.07692307692307693,2,6,1
953,153642505,2,Google Chrome :: https://jaxenter.com/implement-switch-case-statement-python-138315.htm,0.23076923076923078,0,6,1
954,153642506,2,Google Chrome :: https://jaxenter.com/implement-switch-case-statement-python-138315.htm,0.0,1,6,1
955,153642507,2,Google Chrome :: https://jaxenter.com/implement-switch-case-statement-python-138315.htm,0.0,2,6,1
956,153642508,2,Google Chrome :: https://jaxenter.com/implement-switch-case-statement-python-138315.htm,0.0,1,6,0
957,153642509,2,Google Chrome :: https://jaxenter.com/implement-switch-case-statement-python-138315.htm,0.0,2,6,1
958,153642510,0,Atom,0.09615384615384616,2,6,1
959,153642511,0,Atom,0.23076923076923078,0,3,1
960,153642512,0,Atom,0.038461538461538464,1,6,1
961,153642512,0,Atom,0.038461538461538464,2,6,1
962,153642513,0,Atom,0.07692307692307693,2,6,1
963,153642514,0,Atom,0.23076923076923078,2,6,1
964,153642515,0,Atom,0.0,2,3,1
965,153642516,0,Atom,0.0,2,6,1
966,153642518,0,Atom,0.0,2,6,1
967,153642517,0,Atom,0.0,2,6,1
968,153642519,0,Atom,0.0,2,6,0
969,153642520,0,Atom,0.0,2,6,1
970,153642521,0,Atom,0.0,1,6,1
971,153642524,0,Atom,0.0,1,6,1
972,153642525,0,Atom,0.3269230769230769,0,6,1
973,153642526,0,Atom,0.038461538461538464,2,6,1
974,153642527,0,Atom,0.0,0,6,1
975,153642528,0,Atom,0.0,2,6,1
976,153642529,0,Atom,0.0,2,6,1
977,153642530,0,Atom,0.0,1,6,1
978,153642531,0,Atom,0.3076923076923077,0,2,1
979,153642532,0,Atom,0.15384615384615385,0,6,1
980,153642533,0,Atom,0.11538461538461539,2,6,1
981,153642533,0,Atom,0.5,2,6,1
982,153642534,0,Atom,0.4423076923076923,2,6,1
983,153642522,0,Atom,0.0,2,6,1
984,153642536,0,Atom,0.0,2,6,1
985,153642537,0,Atom,0.0,2,6,1
986,153642523,0,Atom,0.11538461538461539,0,6,1
987,153642523,0,Atom,0.3269230769230769,2,6,1
988,153642538,0,Atom,0.0,2,6,1
989,153642541,0,Atom,0.23076923076923078,2,6,1
990,153642542,0,Atom,0.019230769230769232,2,6,1
991,153642543,0,Atom,0.1346153846153846,2,6,1
992,153642544,0,Atom,0.28846153846153844,2,6,1
993,153642544,0,Atom,0.019230769230769232,2,6,1
994,153642545,0,Atom,0.057692307692307696,2,6,1
995,153642546,0,Atom,0.3269230769230769,2,6,1
996,153642547,0,Atom,0.09615384615384616,2,6,1
997,153642548,0,Atom,0.019230769230769232,1,6,0
998,153642535,0,Atom,0.0,2,6,1
999,153642550,0,Atom,0.0,2,0,1
1000,153642539,0,Atom,0.0,2,6,1
1001,153642552,2,Google Chrome :: https://docs.python.org/3/library/re.htm,0.0,0,6,1
1002,153642553,2,Google Chrome :: https://docs.python.org/3/howto/regex.htm,0.0,2,6,1
1003,153642554,2,Google Chrome :: https://www.google.com.sg/search?q=regex+python&rlz=1C5CHFA_enSG730SG730&oq=regex+&aqs=chrome.2.69i57j69i60j0l4.2428j0j4&sourceid=chrome&ie=UTF-,0.17307692307692307,2,6,1
1004,153642555,0,Google Chrome :: https://stackoverflow.com/questions/2260105/simple-python-regex-find-patter,0.0,2,6,1
1005,153642555,0,Google Chrome :: https://stackoverflow.com/questions/2260105/simple-python-regex-find-patter,0.0,2,6,1
1006,153642556,2,Google Chrome :: https://www.google.com.sg/search?rlz=1C5CHFA_enSG730SG730&ei=RP6TW-v9O5uSvQSz7KfAAw&q=regex+python+finding+pattern&oq=regex+python+finding+pattern&gs_l=psy-ab.3..0i22i30k1l5.1144.2315.0.2506.8.8.0.0.0.0.108.626.7j1.8.0....0...1c.1.64.psy-ab..0.8.621...33i22i29i30k1.0.p9zfmnEcuy,0.17307692307692307,0,6,0
1007,153642549,0,Atom,0.0,0,6,1
1008,153642558,0,Google Chrome :: https://stackoverflow.com/questions/2260105/simple-python-regex-find-patter,0.0,2,6,1
1009,153642559,2,Google Chrome :: https://www.google.com.sg/search?rlz=1C5CHFA_enSG730SG730&ei=RP6TW-v9O5uSvQSz7KfAAw&q=regex+python+finding+pattern&oq=regex+python+finding+pattern&gs_l=psy-ab.3..0i22i30k1l5.1144.2315.0.2506.8.8.0.0.0.0.108.626.7j1.8.0....0...1c.1.64.psy-ab..0.8.621...33i22i29i30k1.0.p9zfmnEcuy,0.09615384615384616,2,6,1
1010,153642540,0,Atom,0.15384615384615385,2,6,0
1011,153642551,2,Google Chrome :: https://jaxenter.com/implement-switch-case-statement-python-138315.htm,0.11538461538461539,2,6,1
1012,153642557,0,Google Chrome :: https://stackoverflow.com/questions/2260105/simple-python-regex-find-patter,0.0,2,6,1
1013,153642563,0,Google Chrome :: https://stackoverflow.com/questions/33672545/tagging-categorizing-a-string-column-using-multiple-matching-pattern,0.0,1,6,1
1014,153642561,0,Google Chrome :: https://stackoverflow.com/questions/33672545/tagging-categorizing-a-string-column-using-multiple-matching-pattern,0.0,0,6,1
1015,153642564,0,Google Chrome :: https://stackoverflow.com/questions/33672545/tagging-categorizing-a-string-column-using-multiple-matching-pattern,0.0,0,6,1
1016,153642566,0,Google Chrome :: https://stackoverflow.com/questions/33672545/tagging-categorizing-a-string-column-using-multiple-matching-pattern,0.0,0,0,1
1017,153642566,0,Google Chrome :: https://stackoverflow.com/questions/33672545/tagging-categorizing-a-string-column-using-multiple-matching-pattern,0.0,0,6,1
1018,153642565,0,Google Chrome :: https://stackoverflow.com/questions/33672545/tagging-categorizing-a-string-column-using-multiple-matching-pattern,0.0,2,6,1
1019,153642560,0,Google Chrome :: https://stackoverflow.com/questions/33672545/tagging-categorizing-a-string-column-using-multiple-matching-pattern,0.5384615384615384,1,6,0
1020,153642562,0,Google Chrome :: https://stackoverflow.com/questions/33672545/tagging-categorizing-a-string-column-using-multiple-matching-pattern,0.0,0,6,1
1021,153642567,0,Google Chrome :: https://stackoverflow.com/questions/33672545/tagging-categorizing-a-string-column-using-multiple-matching-pattern,0.0,2,6,0
1022,153642568,0,Google Chrome :: https://stackoverflow.com/questions/9623811/how-to-classify-categorize-strings-according-to-regular-expression-rules-in-pyt,0.15384615384615385,2,6,1
1023,153642569,0,Google Chrome :: https://stackoverflow.com/questions/9623811/how-to-classify-categorize-strings-according-to-regular-expression-rules-in-pyt,0.0,2,6,1
1024,153642570,0,Google Chrome :: https://stackoverflow.com/questions/9623811/how-to-classify-categorize-strings-according-to-regular-expression-rules-in-pyt,0.0,2,6,1
1025,153642571,0,Google Chrome :: https://stackoverflow.com/questions/9623811/how-to-classify-categorize-strings-according-to-regular-expression-rules-in-pyt,0.0,2,6,1
1026,153642572,0,Google Chrome :: https://stackoverflow.com/questions/9623811/how-to-classify-categorize-strings-according-to-regular-expression-rules-in-pyt,0.0,2,6,1
1027,153642573,0,Google Chrome :: https://stackoverflow.com/questions/9623811/how-to-classify-categorize-strings-according-to-regular-expression-rules-in-pyt,0.0,2,6,1
1028,153642574,0,Google Chrome :: https://stackoverflow.com/questions/9623811/how-to-classify-categorize-strings-according-to-regular-expression-rules-in-pyt,0.0,2,6,1
1029,153642575,0,Google Chrome :: https://stackoverflow.com/questions/9623811/how-to-classify-categorize-strings-according-to-regular-expression-rules-in-pyt,0.0,0,6,1
1030,153642576,0,Google Chrome :: https://stackoverflow.com/questions/9623811/how-to-classify-categorize-strings-according-to-regular-expression-rules-in-pyt,0.0,0,6,1
1031,153642577,0,Google Chrome :: https://stackoverflow.com/questions/9623811/how-to-classify-categorize-strings-according-to-regular-expression-rules-in-pyt,0.0,0,3,1
1032,153642577,0,Google Chrome :: https://stackoverflow.com/questions/9623811/how-to-classify-categorize-strings-according-to-regular-expression-rules-in-pyt,0.0,2,6,1
1033,153642578,0,Google Chrome :: https://stackoverflow.com/questions/9623811/how-to-classify-categorize-strings-according-to-regular-expression-rules-in-pyt,0.0,2,6,1
1034,153642579,0,Google Chrome :: https://stackoverflow.com/questions/9623811/how-to-classify-categorize-strings-according-to-regular-expression-rules-in-pyt,0.0,2,6,1
1035,153642580,0,Google Chrome :: https://stackoverflow.com/questions/9623811/how-to-classify-categorize-strings-according-to-regular-expression-rules-in-pyt,0.0,2,6,1
1036,153642581,0,Google Chrome :: https://stackoverflow.com/questions/9623811/how-to-classify-categorize-strings-according-to-regular-expression-rules-in-pyt,0.0,1,5,1
1037,153642582,0,Google Chrome :: https://stackoverflow.com/questions/9623811/how-to-classify-categorize-strings-according-to-regular-expression-rules-in-pyt,0.0,2,6,1
1038,153642583,0,Atom,0.0,1,6,1
1039,153642584,0,Atom,0.0,1,6,1
1040,153642585,0,Atom,0.15384615384615385,2,6,1
1041,153642586,0,Atom,0.19230769230769232,0,6,1
1042,153642587,0,Atom,0.34615384615384615,2,6,1
1043,153642588,0,Atom,0.2692307692307692,2,6,1
1044,153642588,0,Atom,0.3076923076923077,2,6,1
1045,153642590,0,Atom,0.5,2,6,1
1046,153642589,0,Atom,0.038461538461538464,2,6,1
1047,153642591,0,Atom,0.057692307692307696,0,6,1
1048,153642592,0,Atom,0.34615384615384615,2,6,1
1049,153642593,0,Atom,0.19230769230769232,2,6,1
1050,153642594,0,Atom,0.09615384615384616,2,6,1
1051,153642595,0,Atom,0.07692307692307693,2,6,1
1052,153642596,0,Atom,0.3076923076923077,2,6,1
1053,153642597,0,Atom,0.0,2,6,1
1054,153642598,0,Atom,0.07692307692307693,1,6,1
1055,153642598,0,Atom,0.09615384615384616,2,0,1
1056,153642599,0,Atom,0.057692307692307696,2,6,1
1057,153642600,0,Atom,0.0,0,6,1
1058,153642601,0,Atom,0.0,2,6,1
1059,153642602,0,Atom,0.09615384615384616,0,6,1
1060,153642603,0,Atom,0.5384615384615384,0,0,1
1061,153642604,0,Atom,0.0,2,6,1
1062,153642605,0,Atom,0.0,2,6,0
1063,153642606,0,Atom,0.15384615384615385,2,3,1
1064,153642607,0,Atom,0.07692307692307693,2,6,0
1065,153642608,0,Atom,0.038461538461538464,2,6,1
1066,153642609,0,Atom,0.0,2,6,1
1067,153642609,0,Atom,0.1346153846153846,0,6,1
1068,153642610,0,Atom,0.2692307692307692,2,6,1
1069,153642611,0,Atom,0.19230769230769232,2,0,1
1070,153642612,0,Atom,0.0,2,6,1
1071,153642613,0,Atom,0.1346153846153846,2,6,1
1072,153642614,0,Atom,0.11538461538461539,0,3,1
1073,153642615,0,Atom,0.0,2,6,1
1074,153642616,0,Atom,0.17307692307692307,0,6,1
1075,153642617,0,Atom,0.057692307692307696,2,6,1
1076,153642618,0,Atom,0.07692307692307693,0,6,1
1077,153642619,0,Atom,0.21153846153846154,2,6,0
1078,153642619,0,Atom,0.2692307692307692,1,6,0
1079,153642620,0,Atom,0.1346153846153846,2,6,0
1080,153642622,0,Atom,0.038461538461538464,2,3,1
1081,153642625,0,Atom,0.0,0,0,1
1082,153642621,0,Atom,0.46153846153846156,2,6,1
1083,153642623,0,Atom,0.0,2,6,1
1084,153642627,0,Atom,0.0,2,6,1
1085,153642624,0,Atom,0.0,2,6,1
1086,153642626,0,Atom,0.0,2,6,0
1087,153642628,0,Atom,0.0,0,3,1
1088,153642629,0,Atom,0.0,2,6,1
1089,153642630,0,Atom,0.0,2,6,1
1090,153642630,0,Atom,0.36538461538461536,0,6,1
1091,153642632,0,Atom,0.0,1,1,1
1092,153642631,0,Atom,0.057692307692307696,2,6,1
1093,153642633,0,Atom,0.0,2,6,1
1094,153642634,0,Atom,0.0,2,6,1
1095,153642635,0,Atom,0.15384615384615385,2,6,1
1096,153642636,0,Atom,0.057692307692307696,2,6,1
1097,153642637,0,Atom,0.019230769230769232,1,6,1
1098,153642638,0,Atom,0.0,0,6,1
1099,153642639,0,Atom,0.07692307692307693,2,6,1
1100,153642640,0,Atom,0.28846153846153844,2,6,1
1101,153642640,0,Atom,0.2692307692307692,0,6,1
1102,153642641,0,Atom,0.07692307692307693,2,6,1
1103,153642642,0,Atom,0.38461538461538464,2,6,1
1104,153642643,0,Atom,0.40384615384615385,2,6,1
1105,153642644,0,Atom,0.3076923076923077,2,6,1
1106,153642645,0,Atom,0.15384615384615385,2,6,1
1107,153642646,0,Atom,0.0,1,6,1
1108,153642647,0,Atom,0.0,2,6,1
1109,153642648,0,Atom,0.0,0,2,1
1110,153642649,0,Atom,0.038461538461538464,2,6,1
1111,153642650,0,Atom,0.17307692307692307,0,6,1
1112,153642651,0,Atom,0.3076923076923077,2,6,0
1113,153642651,0,Atom,0.038461538461538464,2,6,1
1114,153642652,0,Atom,0.17307692307692307,0,6,1
1115,153642653,0,Atom,0.09615384615384616,2,6,1
1116,153642654,0,Atom,0.07692307692307693,2,0,0
1117,153642655,0,Terminal,0.038461538461538464,0,6,1
1118,153642656,0,Terminal,0.36538461538461536,2,6,1
1119,153642657,0,Terminal,0.17307692307692307,2,6,1
1120,153642658,0,Terminal,0.0,2,6,1
1121,153642659,0,Atom,0.07692307692307693,2,6,1
1122,153642660,0,Terminal,0.09615384615384616,0,6,1
1123,153642661,0,Atom,0.0,2,6,1
1124,153642662,0,Atom,0.1346153846153846,2,6,0
1125,153642662,0,Atom,0.0,0,0,1
1126,153642663,0,Atom,0.0,2,6,1
1127,153642664,0,Atom,0.21153846153846154,2,6,0
1128,153642665,0,Atom,0.28846153846153844,2,6,1
1129,153642666,0,Atom,0.0,2,6,1
1130,153642667,0,Atom,0.0,2,6,1
1131,153642668,0,Atom,0.0,1,6,1
1132,153642669,0,Atom,0.019230769230769232,2,6,1
1133,153642670,0,Atom,0.09615384615384616,0,0,1
1134,153642671,0,Atom,0.21153846153846154,2,3,1
1135,153642672,0,Atom,0.0,0,6,1
1136,153642673,0,Atom,0.0,2,3,1
1137,153642673,0,Atom,0.11538461538461539,2,6,1
1138,153642674,0,Terminal,0.038461538461538464,0,6,1
1139,153642675,0,Terminal,0.0,1,6,1
1140,153642676,0,Terminal,0.038461538461538464,0,6,1
1141,153642677,0,Terminal,0.0,1,6,1
1142,153642678,0,Atom,0.0,2,6,1
1143,153642679,0,Atom,0.0,2,6,1
1144,153642680,0,Atom,0.09615384615384616,2,6,1
1145,153642681,0,Atom,0.38461538461538464,1,6,1
1146,153642682,0,Atom,0.019230769230769232,0,6,0
1147,153642683,0,Atom,0.5769230769230769,0,6,1
1148,153642683,0,Atom,0.11538461538461539,2,6,0
1149,153642684,0,Atom,0.19230769230769232,2,6,1
1150,153642685,0,Terminal,0.038461538461538464,2,6,1
1151,153642686,0,Terminal,0.0,0,6,1
1152,153642687,0,Atom,0.0,2,6,1
1153,153642688,0,Atom,0.09615384615384616,2,3,1
1154,153642689,0,Atom,0.17307692307692307,0,6,1
1155,153642690,0,Atom,0.19230769230769232,0,6,1
1156,153642691,0,Atom,0.17307692307692307,1,6,1
1157,153642692,0,Atom,0.15384615384615385,2,6,1
1158,153642693,0,Atom,0.019230769230769232,0,6,1
1159,153642694,0,Atom,0.0,2,6,1
1160,153642694,0,Atom,0.0,2,6,1
1161,153642695,0,Atom,0.25,2,6,1
1162,153642696,0,Atom,0.09615384615384616,2,6,1
1163,153642697,0,Terminal,0.19230769230769232,2,6,0
1164,153642698,0,Atom,0.0,2,0,1
1165,153642699,0,Atom,0.0,2,6,1
1166,153642700,0,Atom,0.057692307692307696,2,6,1
1167,153642701,0,Google Chrome :: https://stackoverflow.com/questions/9623811/how-to-classify-categorize-strings-according-to-regular-expression-rules-in-pyt,0.0,2,6,1
1168,153642702,2,Google Chrome :: https://docs.python.org/3/howto/regex.htm,0.0,0,6,1
1169,153642703,2,Google Chrome :: https://docs.python.org/3/howto/regex.htm,0.1346153846153846,2,6,1
1170,153642704,2,Google Chrome :: https://docs.python.org/3/howto/regex.htm,0.038461538461538464,2,6,1
1171,153642705,2,Google Chrome :: https://docs.python.org/3/howto/regex.htm,0.19230769230769232,2,6,1
1172,153642705,2,Google Chrome :: https://docs.python.org/3/howto/regex.htm,0.09615384615384616,2,6,1
1173,153642706,2,Google Chrome :: https://docs.python.org/3/howto/regex.htm,0.09615384615384616,2,6,1
1174,153642707,0,Google Chrome :: https://stackoverflow.com/questions/9623811/how-to-classify-categorize-strings-according-to-regular-expression-rules-in-pyt,0.0,0,6,1
1175,153642708,0,Google Chrome :: https://stackoverflow.com/questions/9623811/how-to-classify-categorize-strings-according-to-regular-expression-rules-in-pyt,0.0,2,6,0
1176,153642709,0,Atom,0.0,2,6,1
1177,153642710,2,Google Chrome :: chrome://newtab,0.0,2,6,1
1178,153642711,0,Atom,0.0,0,6,1
1179,153642712,0,Atom,0.057692307692307696,1,6,1
1180,153642713,0,Atom,0.038461538461538464,2,0,1
1181,153642714,0,Terminal,0.0,0,6,1
1182,153642715,0,Terminal,0.0,2,3,1
1183,153642716,0,Google Chrome :: https://stackoverflow.com/questions/15235703/typeerror-unsupported-operand-types-for-str-and-st,0.057692307692307696,2,6,1
1184,153642716,0,Google Chrome :: https://stackoverflow.com/questions/15235703/typeerror-unsupported-operand-types-for-str-and-st,0.0,2,6,1
1185,153642717,2,Google Chrome :: https://www.google.com.sg/search?q=unsupported+operand+type(s)+for+%7C%3A+%27str%27+and+%27str%27&rlz=1C5CHFA_enSG730SG730&oq=unsupported+operand+type(s)+for+%7C%3A+%27str%27+and+%27str%27&aqs=chrome..69i57.155j0j1&sourceid=chrome&ie=UTF-,0.0,2,6,1
1186,153642718,2,Google Chrome :: https://www.google.com.sg/search?rlz=1C5CHFA_enSG730SG730&ei=kwSUW98Qydu8BJ_EoYAN&q=unsupported+operand+type%28s%29+for+%7C%3A+%27str%27+and+%27str%27+regex&oq=unsupported+operand+type%28s%29+for+%7C%3A+%27str%27+and+%27str%27+regex&gs_l=psy-ab.3..33i22i29i30k1.4250.5514.0.5721.6.6.0.0.0.0.72.388.6.6.0....0...1c.1.64.psy-ab..0.6.382...0j0i22i30k1j33i10k1.0.T4ZhdUauC2,0.1346153846153846,2,1,1
1187,153642719,0,Google Chrome :: https://stackoverflow.com/questions/32505956/python-re-compile-unsupported-operand-types-for-str-and-in,0.0,0,3,1
1188,153642720,2,Google Chrome :: https://www.google.com.sg/search?rlz=1C5CHFA_enSG730SG730&ei=kwSUW98Qydu8BJ_EoYAN&q=unsupported+operand+type%28s%29+for+%7C%3A+%27str%27+and+%27str%27+regex&oq=unsupported+operand+type%28s%29+for+%7C%3A+%27str%27+and+%27str%27+regex&gs_l=psy-ab.3..33i22i29i30k1.4250.5514.0.5721.6.6.0.0.0.0.72.388.6.6.0....0...1c.1.64.psy-ab..0.6.382...0j0i22i30k1j33i10k1.0.T4ZhdUauC2,0.0,2,6,1
1189,153642722,0,Atom,0.0,1,6,1
1190,153642721,2,Google Chrome :: https://www.google.com.sg/search?rlz=1C5CHFA_enSG730SG730&ei=kwSUW98Qydu8BJ_EoYAN&q=unsupported+operand+type%28s%29+for+%7C%3A+%27str%27+and+%27str%27+regex&oq=unsupported+operand+type%28s%29+for+%7C%3A+%27str%27+and+%27str%27+regex&gs_l=psy-ab.3..33i22i29i30k1.4250.5514.0.5721.6.6.0.0.0.0.72.388.6.6.0....0...1c.1.64.psy-ab..0.6.382...0j0i22i30k1j33i10k1.0.T4ZhdUauC2,0.0,0,6,1
1191,153642725,0,Atom,0.0,2,6,1
1192,153642726,0,Atom,0.0,2,6,1
1193,153642723,0,Atom,0.0,2,3,1
1194,153642727,0,Atom,0.0,2,6,1
1195,153642727,0,Atom,0.0,2,5,1
1196,153642724,0,Atom,0.0,2,6,1
1197,153642728,2,Google Chrome :: https://www.google.com.sg/search?rlz=1C5CHFA_enSG730SG730&ei=kwSUW98Qydu8BJ_EoYAN&q=unsupported+operand+type%28s%29+for+%7C%3A+%27str%27+and+%27str%27+regex&oq=unsupported+operand+type%28s%29+for+%7C%3A+%27str%27+and+%27str%27+regex&gs_l=psy-ab.3..33i22i29i30k1.4250.5514.0.5721.6.6.0.0.0.0.72.388.6.6.0....0...1c.1.64.psy-ab..0.6.382...0j0i22i30k1j33i10k1.0.T4ZhdUauC2,0.0,2,6,1
1198,153642729,2,Google Chrome :: https://www.google.com.sg/search?rlz=1C5CHFA_enSG730SG730&ei=kwSUW98Qydu8BJ_EoYAN&q=unsupported+operand+type%28s%29+for+%7C%3A+%27str%27+and+%27str%27+regex&oq=unsupported+operand+type%28s%29+for+%7C%3A+%27str%27+and+%27str%27+regex&gs_l=psy-ab.3..33i22i29i30k1.4250.5514.0.5721.6.6.0.0.0.0.72.388.6.6.0....0...1c.1.64.psy-ab..0.6.382...0j0i22i30k1j33i10k1.0.T4ZhdUauC2,0.0,2,6,1
1199,153642730,2,Google Chrome :: https://www.google.com.sg/search?rlz=1C5CHFA_enSG730SG730&ei=rwSUW5WPLcXhvgSnmrXwCA&q=unsupported+operand+type%28s%29+for+%7C%3A+%27str%27+and+%27str%27+&oq=unsupported+operand+type%28s%29+for+%7C%3A+%27str%27+and+%27str%27+&gs_l=psy-ab.3..0i71k1l5.12475.12607.0.12899.2.2.0.0.0.0.0.0..0.0....0...1c.1.64.psy-ab..2.0.0....0.pVdv6Lyh4b,0.1346153846153846,0,6,1
1200,153642731,2,Google Chrome :: https://www.google.com.sg/search?rlz=1C5CHFA_enSG730SG730&ei=JAWUW5HiOcvbvATBmKXgBQ&q=regex+substrings&oq=regex+substrings&gs_l=psy-ab.3..0i22i30k1l10.4056.10292.0.10436.24.16.4.4.4.0.137.1247.12j4.16.0....0...1c.1.64.psy-ab..0.24.1266...0j35i39k1j0i131k1j0i67k1j0i20i263k1j0i10k1.0.l05LennprA,0.38461538461538464,2,6,0
1201,153642733,2,Google Chrome :: http://www.regexlab.com/en/regref.ht,0.0,1,6,1
1202,153642732,2,Google Chrome :: http://www.regexlab.com/en/regref.ht,0.0,2,6,1
1203,153642734,0,Google Chrome :: https://stackoverflow.com/questions/9623811/how-to-classify-categorize-strings-according-to-regular-expression-rules-in-pyt,0.0,1,6,1
1204,153642735,0,Google Chrome :: https://stackoverflow.com/questions/9623811/how-to-classify-categorize-strings-according-to-regular-expression-rules-in-pyt,0.0,2,0,1
1205,153642736,0,Google Chrome :: https://stackoverflow.com/questions/9623811/how-to-classify-categorize-strings-according-to-regular-expression-rules-in-pyt,0.0,2,6,1
1206,153642738,0,Google Chrome :: https://stackoverflow.com/questions/9623811/how-to-classify-categorize-strings-according-to-regular-expression-rules-in-pyt,0.0,1,6,0
1207,153642737,0,Atom,0.0,2,6,1
1208,153642741,2,Google Chrome :: https://docs.python.org/3/howto/regex.htm,0.0,0,6,1
1209,153642740,2,Google Chrome :: https://docs.python.org/3/howto/regex.htm,0.0,2,1,1
1210,153642742,2,Google Chrome :: https://docs.python.org/3/howto/regex.htm,0.0,1,6,1
1211,153642743,0,Atom,0.0,0,6,1
1212,153642744,0,Atom,0.11538461538461539,2,6,1
1213,153642745,0,Atom,0.0,2,6,1
1214,153642738,2,Google Chrome :: https://docs.python.org/3/howto/regex.htm,0.0,2,6,1
1215,153642739,2,Google Chrome :: https://docs.python.org/3/howto/regex.htm,0.0,2,6,1
1216,153642746,0,Atom,0.17307692307692307,2,6,0
1217,153642747,0,Atom,0.038461538461538464,2,6,1
1218,153642748,0,Atom,0.0,2,6,1
1219,153642749,0,Atom,0.0,0,6,1
1220,153642749,0,Atom,0.17307692307692307,0,6,1
1221,153642750,0,Atom,0.0,0,6,1
1222,153642751,0,Atom,0.038461538461538464,2,6,1
1223,153642752,0,Atom,0.21153846153846154,2,6,1
1224,153642753,0,Atom,0.17307692307692307,2,6,1
1225,153642754,0,Terminal,0.057692307692307696,1,6,1
1226,153642755,0,Atom,0.0,2,6,1
1227,153642757,0,Atom,0.0,2,6,1
1228,153642756,0,Terminal,0.0,2,3,1
1229,153642758,2,Google Chrome :: https://docs.python.org/3/howto/regex.htm,0.0,2,6,1
1230,153642759,2,Google Chrome :: https://docs.python.org/3/howto/regex.htm,0.0,2,6,1
1231,153642760,0,Atom,0.0,2,6,1
1232,153642760,0,Atom,0.0,2,6,0
1233,153642761,0,Atom,0.0,0,6,1
1234,153642762,0,Atom,0.0,2,6,1
1235,153642763,0,Atom,0.0,2,6,1
1236,153642764,0,Atom,0.0,0,6,1
1237,153642765,0,Atom,0.0,2,6,1
1238,153642766,0,Atom,0.0,2,6,1
1239,153642767,0,Google Chrome :: https://stackoverflow.com/questions/40375637/git-add-command-fails-and-keeps-runnin,0.0,2,6,0
1240,153642768,0,Google Chrome :: https://stackoverflow.com/questions/9623811/how-to-classify-categorize-strings-according-to-regular-expression-rules-in-pyt,0.0,2,6,1
1241,153642769,0,Google Chrome :: https://stackoverflow.com/questions/9623811/how-to-classify-categorize-strings-according-to-regular-expression-rules-in-pyt,0.0,2,5,1
1242,153642770,0,Google Chrome :: https://stackoverflow.com/questions/9623811/how-to-classify-categorize-strings-according-to-regular-expression-rules-in-pyt,0.0,2,6,1
1243,153642771,0,Atom,0.057692307692307696,1,6,0
1244,153642771,0,Atom,0.07692307692307693,2,6,1
1245,153642772,0,Atom,0.07692307692307693,2,6,0
1246,153642773,0,Atom,0.11538461538461539,2,6,1
1247,153642774,0,Atom,0.09615384615384616,2,6,1
1248,153642775,0,Atom,0.15384615384615385,0,6,0
1249,153642776,0,Atom,0.1346153846153846,2,6,1
1250,153642777,0,Atom,0.11538461538461539,0,6,1
1251,153642778,0,Atom,0.17307692307692307,2,3,1
1252,153642779,0,Atom,0.11538461538461539,2,6,1
1253,153642780,0,Atom,0.038461538461538464,0,0,1
1254,153642781,0,Atom,0.0,0,6,1
1255,153642781,0,Atom,0.0,2,6,1
1256,153642782,0,Atom,0.0,0,6,1
1257,153642783,0,Atom,0.0,2,6,1
1258,153642784,0,Atom,0.0,0,6,1
1259,153642785,0,Atom,0.0,0,6,1
1260,153642786,0,Atom,0.0,2,6,1
1261,153642787,0,Atom,0.0,2,6,1
1262,153642788,0,Atom,0.0,2,6,1
1263,153642789,0,Terminal,0.0,0,6,1
1264,153642790,0,Atom,0.0,0,6,1
1265,153642791,0,Atom,0.0,2,6,1
1266,153642792,0,Atom,0.0,2,6,1
1267,153642792,0,Atom,0.0,2,6,1
1268,153642794,0,Atom,0.0,2,6,1
1269,153642793,0,Atom,0.0,0,6,1
1270,153642795,0,Atom,0.0,2,1,1
1271,153642796,0,Atom,0.0,0,6,1
1272,153642797,0,Atom,0.0,2,6,1
1273,153642798,0,Atom,0.0,0,6,1
1274,153642799,0,Atom,0.11538461538461539,0,0,1
1275,153642800,0,Terminal,0.5192307692307693,2,6,1
1276,153642801,0,Terminal,0.25,2,1,1
1277,153642802,0,Terminal,0.46153846153846156,2,6,1
1278,153642803,0,Terminal,0.4230769230769231,1,6,1
1279,153642803,0,Terminal,1.0,2,6,1
1280,153642804,0,Terminal,0.4807692307692308,2,6,1
1281,153642805,0,Atom,0.0,2,6,1
1282,153642806,0,Atom,0.0,1,6,1
1283,153642807,0,Atom,0.0,2,6,1
1284,153642811,0,Atom,0.0,2,6,1
1285,153642812,0,Atom,0.0,0,6,1
1286,153642813,0,Atom,0.0,0,6,1
1287,153642814,0,Atom,0.0,0,6,1
1288,153642814,3,Google Chrome :: https://web.whatsapp.com,0.0,2,6,1
1289,153642815,0,Atom,0.0,2,6,1
1290,153642816,0,Atom,0.0,0,6,1
1291,153642817,0,Atom,0.0,2,6,1
1292,153642818,2,Google Chrome :: https://www.google.com.sg/search?rlz=1C5CHFA_enSG730SG730&ei=JAWUW5HiOcvbvATBmKXgBQ&q=regex+substrings&oq=regex+substrings&gs_l=psy-ab.3..0i22i30k1l10.4056.10292.0.10436.24.16.4.4.4.0.137.1247.12j4.16.0....0...1c.1.64.psy-ab..0.24.1266...0j35i39k1j0i131k1j0i67k1j0i20i263k1j0i10k1.0.l05LennprA,0.23076923076923078,1,6,1
1293,153642819,0,Google Chrome :: https://stackoverflow.com/questions/4265988/generate-random-numbers-with-a-given-numerical-distributio,0.07692307692307693,2,6,1
1294,153642820,0,Atom,0.0,2,6,1
1295,153642821,0,Atom,0.0,2,3,1
1296,153642822,0,Atom,0.0,0,6,1
1297,153642823,0,Atom,0.0,2,6,1
1298,153642824,0,Atom,0.0,2,6,1
1299,153642825,0,Atom,0.0,0,6,0
1300,153642825,0,Atom,0.1346153846153846,2,6,1
1301,153642826,0,Atom,0.019230769230769232,0,6,1
1302,153642808,0,Atom,0.0,1,6,1
1303,153642809,0,Atom,0.0,2,6,1
1304,153642810,0,Atom,0.0,2,6,1
1305,153642827,0,Atom,0.0,2,3,1
1306,153642828,0,Atom,0.038461538461538464,2,6,1
1307,153642829,0,Atom,0.09615384615384616,2,6,1
1308,153642830,0,Atom,0.11538461538461539,2,6,0
1309,153642831,0,Atom,0.09615384615384616,2,6,1
1310,153642832,2,Google Chrome :: https://www.google.com.sg/search?rlz=1C5CHFA_enSG730SG730&ei=MAWUW6T_F8WNvQSj1rjAAw&q=random+with+probability+python&oq=random+with+pro&gs_l=psy-ab.3.0.0i20i263k1j0l4j0i22i30k1l5.847090.849380.0.850340.15.14.0.1.1.0.86.794.14.14.0....0...1c.1.64.psy-ab..0.15.789...35i39k1j0i67k1j0i131k1.0.8G10ui7OvG,0.057692307692307696,2,6,1
1311,153642833,2,Google Chrome :: https://www.google.com.sg/search?rlz=1C5CHFA_enSG730SG730&ei=mwiUW9ixF8KAvgSm6a7QDw&q=random+50%2F50+python&oq=random+50&gs_l=psy-ab.3.0.0i20i263k1l2j0l8.175.2697.0.4307.9.8.0.0.0.0.304.1116.0j2j2j1.5.0....0...1c.1.64.psy-ab..4.5.1112...35i39k1j0i67k1j0i131i67k1.0.1x4w_Kal1v,0.1346153846153846,0,6,0
1312,153642834,0,Google Chrome :: https://stackoverflow.com/questions/591253/when-using-random-which-form-returns-an-equal-50-chanc,0.0,2,6,1
1313,153642835,0,Google Chrome :: https://stackoverflow.com/questions/591253/when-using-random-which-form-returns-an-equal-50-chanc,0.0,0,6,1
1314,153642836,0,Atom,0.11538461538461539,0,6,1
1315,153642836,0,Atom,0.038461538461538464,2,6,1
1316,153642837,0,Atom,0.09615384615384616,0,3,1
1317,153642838,0,Atom,0.057692307692307696,2,0,1
1318,153642839,0,Atom,0.1346153846153846,2,3,1
1319,153642840,0,Atom,0.019230769230769232,2,6,1
1320,153642842,0,Atom,0.09615384615384616,2,6,1
1321,153642841,0,Atom,0.038461538461538464,0,6,1
1322,153642843,0,Atom,0.0,2,6,1
1323,153642844,0,Atom,0.0,2,6,1
1324,153642845,0,Atom,0.0,0,6,1
1325,153642846,0,Atom,0.0,2,6,1
1326,153642846,0,Atom,0.0,2,0,1
1327,153642847,0,Atom,0.0,1,6,1
1328,153642850,0,Atom,0.0,1,6,1
1329,153642848,0,Atom,0.0,1,6,1
1330,153642852,0,Atom,0.0,1,6,1
1331,153642849,0,Atom,0.0,0,6,0
1332,153642851,0,Atom,0.0,2,6,1
1333,153642853,0,Atom,0.0,2,6,1
1334,153642854,0,Atom,0.038461538461538464,0,6,1
1335,153642855,0,Atom,0.0,2,6,1
1336,153642856,0,Atom,0.038461538461538464,1,6,1
1337,153642857,0,Atom,0.1346153846153846,0,6,1
1338,153642857,0,Atom,0.038461538461538464,0,6,1
1339,153642858,0,Atom,0.07692307692307693,2,6,1
1340,153642859,0,Atom,0.038461538461538464,2,0,1
1341,153642860,0,Atom,0.038461538461538464,2,6,1
1342,153642861,0,Atom,0.09615384615384616,2,6,0
1343,153642862,0,Atom,0.057692307692307696,0,6,0
1344,153642863,0,Atom,0.0,0,6,1
1345,153642865,0,Atom,0.07692307692307693,1,6,1
1346,153642864,0,Atom,0.11538461538461539,0,6,1
1347,153642866,0,Atom,0.038461538461538464,2,6,1
1348,153642867,0,Atom,0.09615384615384616,0,6,1
1349,153642868,0,Atom,0.038461538461538464,2,6,1
1350,153642868,0,Atom,0.0,0,6,1
1351,153642869,0,Atom,0.19230769230769232,0,6,1
1352,153642870,0,Atom,0.0,0,6,1
1353,153642871,0,Atom,0.07692307692307693,2,6,1
1354,153642872,0,Atom,0.09615384615384616,1,0,0
1355,153642873,0,Atom,0.17307692307692307,2,3,1
1356,153642874,0,Terminal,0.15384615384615385,0,6,1
1357,153642875,0,Atom,0.3269230769230769,2,6,1
1358,153642876,0,Terminal,0.07692307692307693,2,6,1
1359,153642877,0,Terminal,0.0,2,6,1
1360,153642878,0,Terminal,0.0,2,6,1
1361,153642878,0,Atom,0.0,1,6,1
1362,153642879,0,Atom,0.0,2,6,1
1363,153642880,0,Atom,0.0,2,6,1
1364,153642881,0,Atom,0.0,2,6,1
1365,153642882,0,Atom,0.019230769230769232,0,6,1
1366,153642883,0,Atom,0.0,2,6,1
1367,153642884,0,Atom,0.019230769230769232,2,6,1
1368,153642885,0,Terminal,0.038461538461538464,2,6,1
1369,153642886,0,Atom,0.1346153846153846,2,6,1
1370,153642887,0,Atom,0.0,0,2,1
1371,153642888,2,Google Chrome :: https://www.google.com.sg/search?q=a+and+p+must+have+same+size&rlz=1C5CHFA_enSG730SG730&oq=a+and+p+must+h&aqs=chrome.0.0j69i57j0j69i64l3.2968j0j1&sourceid=chrome&ie=UTF-,0.3076923076923077,0,6,1
1372,153642889,0,Google Chrome :: https://github.com/numpy/numpy/issues/534,0.19230769230769232,2,6,1
1373,153642889,2,Google Chrome :: https://www.google.com.sg/search?q=a+and+p+must+have+same+size&rlz=1C5CHFA_enSG730SG730&oq=a+and+p+must+h&aqs=chrome.0.0j69i57j0j69i64l3.2968j0j1&sourceid=chrome&ie=UTF-,0.0,2,6,1
1374,153642890,2,Google Chrome :: https://www.google.com.sg/search?rlz=1C5CHFA_enSG730SG730&ei=UAuUW7OKIoPivASKw7TgBw&q=%22a+and+p+must+have+same+size%22&oq=%22a+and+p+must+have+same+size%22&gs_l=psy-ab.3..0i22i30k1l2.12365.13925.0.14222.2.2.0.0.0.0.61.115.2.2.0....0...1c.1.64.psy-ab..0.2.112...0j0i7i30k1.0.PgM_PXziCk,0.057692307692307696,2,6,1
1375,153642891,2,Google Chrome :: https://www.google.com.sg/search?rlz=1C5CHFA_enSG730SG730&ei=UAuUW7OKIoPivASKw7TgBw&q=%22a+and+p+must+have+same+size%22&oq=%22a+and+p+must+have+same+size%22&gs_l=psy-ab.3..0i22i30k1l2.12365.13925.0.14222.2.2.0.0.0.0.61.115.2.2.0....0...1c.1.64.psy-ab..0.2.112...0j0i7i30k1.0.PgM_PXziCk,0.0,2,6,1
1376,153642892,0,Google Chrome :: https://github.com/msmbuilder/msmbuilder/issues/108,0.0,2,6,1
1377,153642894,0,Atom,0.0,0,6,0
1378,153642893,0,Atom,0.0,2,6,1
1379,153642895,0,Terminal,0.038461538461538464,2,6,1
1380,153642896,0,Atom,0.0,2,6,1
1381,153642897,0,Atom,0.0,2,6,0
1382,153642898,0,Terminal,0.0,2,6,1
1383,153642899,0,Atom,0.0,0,6,1
1384,153642900,0,Atom,0.0,2,6,1
1385,153642900,0,Atom,0.0,1,6,0
1386,153642901,0,Terminal,0.0,2,6,1
1387,153642902,0,Terminal,0.0,0,6,1
1388,153642903,0,Terminal,0.0,2,6,1
1389,153642904,0,Terminal,0.0,2,6,1
1390,153642906,0,Atom,0.0,2,6,1
1391,153642907,0,Atom,0.0,2,6,1
1392,153642909,0,Terminal,0.0,1,6,0
1393,153642905,2,Google Chrome :: https://www.google.com.sg/search?rlz=1C5CHFA_enSG730SG730&ei=UAuUW7OKIoPivASKw7TgBw&q=%22a+and+p+must+have+same+size%22&oq=%22a+and+p+must+have+same+size%22&gs_l=psy-ab.3..0i22i30k1l2.12365.13925.0.14222.2.2.0.0.0.0.61.115.2.2.0....0...1c.1.64.psy-ab..0.2.112...0j0i7i30k1.0.PgM_PXziCk,0.0,0,6,1
1394,153642910,0,Terminal,0.0,0,6,0
1395,153642911,0,Atom,0.0,2,6,1
1396,153642911,0,Atom,0.0,2,6,1
1397,153642912,0,Atom,0.0,2,6,1
1398,153642913,0,Terminal,0.057692307692307696,2,6,1
1399,153642908,0,Atom,0.0,2,6,1
1400,153642914,0,Atom,0.057692307692307696,2,0,1
1401,153642915,0,Terminal,0.0,0,0,0
1402,153642916,0,Atom,0.0,0,6,1
1403,153642917,2,Google Chrome :: https://www.google.com.sg/search?rlz=1C5CHFA_enSG730SG730&ei=UAuUW7OKIoPivASKw7TgBw&q=%22a+and+p+must+have+same+size%22&oq=%22a+and+p+must+have+same+size%22&gs_l=psy-ab.3..0i22i30k1l2.12365.13925.0.14222.2.2.0.0.0.0.61.115.2.2.0....0...1c.1.64.psy-ab..0.2.112...0j0i7i30k1.0.PgM_PXziCk,0.21153846153846154,2,6,1
1404,153642918,2,Google Chrome :: https://docs.scipy.org/doc/numpy/reference/generated/numpy.random.choice.htm,0.057692307692307696,2,6,1
1405,153642919,2,Google Chrome :: https://docs.scipy.org/doc/numpy/reference/generated/numpy.random.choice.htm,0.0,1,6,1
1406,153642920,2,Google Chrome :: https://docs.scipy.org/doc/numpy/reference/generated/numpy.random.choice.htm,0.0,2,6,1
1407,153642921,2,Google Chrome :: https://docs.scipy.org/doc/numpy/reference/generated/numpy.random.choice.htm,0.0,2,6,1
1408,153642922,2,Google Chrome :: https://docs.scipy.org/doc/numpy/reference/generated/numpy.random.choice.htm,0.0,2,3,1
1409,153642922,0,Atom,0.0,0,6,1
1410,153642923,0,Atom,0.0,2,6,1
1411,153642924,2,Google Chrome :: https://docs.scipy.org/doc/numpy/reference/generated/numpy.random.choice.htm,0.0,2,6,1
1412,153642925,2,Google Chrome :: https://docs.scipy.org/doc/numpy/reference/generated/numpy.random.choice.htm,0.0,0,6,1
1413,153642926,2,Google Chrome :: https://docs.scipy.org/doc/numpy/reference/generated/numpy.random.choice.htm,0.0,0,6,1
1414,153642927,0,Atom,0.09615384615384616,1,6,1
1415,153642929,0,Terminal,0.09615384615384616,1,6,1
1416,153642928,0,Terminal,0.11538461538461539,2,6,1
1417,153642930,0,Atom,0.038461538461538464,1,6,1
1418,153642931,0,Terminal,0.07692307692307693,2,6,1
1419,153642932,0,Atom,0.0,2,6,1
1420,153642932,0,Atom,0.0,2,6,1
1421,153642933,0,Atom,0.07692307692307693,2,6,1
1422,153642934,0,Atom,0.2692307692307692,0,6,1
1423,153642935,0,Atom,0.07692307692307693,1,6,1
1424,153642936,0,Atom,0.3076923076923077,0,6,1
1425,153642937,0,Terminal,0.057692307692307696,0,6,1
1426,153642938,0,Terminal,0.40384615384615385,0,6,1
1427,153642939,0,Terminal,0.5,1,6,0
1428,153642940,0,Terminal,0.46153846153846156,2,6,1
1429,153642941,0,Terminal,0.0,2,6,1
1430,153642942,3,Google Chrome :: https://web.whatsapp.com,0.019230769230769232,2,6,1
1431,153642943,3,Google Chrome :: https://web.whatsapp.com,0.0,0,6,1
1432,153642943,3,Google Chrome :: https://web.whatsapp.com,0.0,1,6,1
1433,153642944,3,Google Chrome :: https://web.whatsapp.com,0.0,2,6,0
1434,153642945,3,Google Chrome :: https://web.whatsapp.com,0.0,2,6,1
1435,153642946,3,Google Chrome :: https://web.whatsapp.com,0.0,2,6,1
1436,153642947,3,Google Chrome :: https://web.whatsapp.com,0.0,2,6,1
1437,153642948,3,Google Chrome :: https://web.whatsapp.com,0.0,2,6,1
1438,153642949,3,Google Chrome :: https://web.whatsapp.com,0.0,0,6,1
1439,153642950,3,Google Chrome :: https://web.whatsapp.com,0.0,2,6,1
1440,153642951,0,Atom,0.0,2,6,1
1441,153642952,0,Atom,0.0,2,6,1
1442,153642953,0,Atom,0.019230769230769232,2,6,1
1443,153642954,0,Atom,0.057692307692307696,0,6,1
1444,153642954,0,Atom,0.038461538461538464,0,6,0
1445,153642955,0,Atom,0.1346153846153846,2,6,1
1446,153642956,0,Atom,0.11538461538461539,2,6,1
1447,153642957,0,Terminal,0.15384615384615385,0,6,1
